task,image_id,image_name,width,height,gt_count,gt_classes,custom_n_pred,custom_n_both,custom_n_only_gt,custom_n_only_pred,custom_precision_iou50,custom_recall_iou50,custom_mean_matched_iou,custom_pred_classes,custom_mean_score
plant_stand,0,0e877737-0f52-473a-91da-6f420b2dee9a_jpg.rf.bddcad93b108fdff9e07f0fbe80b827f.jpg,5920,3042,52,bushbean,57,49,3,8,0.8596491228070176,0.9423076923076923,0.7627455225199892,bushbean,0.7708820172569208
plant_stand,1,1743164218100_jpg.rf.a4d1c87f00e5c8c826e4aa2fa8d1be74.jpg,1024,768,39,bushbean,38,28,11,10,0.7368421052631579,0.717948717948718,0.7095494124112797,bushbean,0.7400296730430502
plant_stand,2,1743746950227_jpg.rf.bb9799a3e9b65a1821912d59a1c09fcc.jpg,1024,1024,44,bushbean,46,30,14,16,0.6521739130434783,0.6818181818181818,0.6545805886546888,bushbean,0.7153333477351976
plant_stand,3,1743946229291_jpg.rf.6ff75a37a0a672446c75edc3ea926d93.jpg,768,1024,53,bushbean,42,37,16,5,0.8809523809523809,0.6981132075471698,0.7899573809745628,bushbean,0.6393944514649255
plant_stand,4,1744044047164_jpg.rf.4ba0a71f9935ed383035f74ef5b279a5.jpg,1024,768,40,bushbean,42,29,11,13,0.6904761904761905,0.725,0.6855771902125641,bushbean,0.8049962151618231
plant_stand,5,1743579285290_jpg.rf.399c31e413d8215bf92154f4d99e001d.jpg,1024,1024,46,bushbean,47,24,22,23,0.5106382978723404,0.5217391304347826,0.6213018366285538,bushbean,0.7628006516618931
plant_stand,6,moment_2_socioconomic_237b5040-f64a-436e-909c-08c1d164d3a7_1712303676007_jpg.rf.d500ddbd7d8e1cf06a5b10603945ca78.jpg,3120,4160,50,bushbean,63,31,19,32,0.49206349206349204,0.62,0.6745418314897409,bushbean,0.6338703490438915
plant_stand,7,1742794547210_jpg.rf.7a55b6109c34b6127caa76405beebfa7.jpg,460,1024,41,bushbean,42,20,21,22,0.47619047619047616,0.4878048780487805,0.6075943436687934,bushbean,0.5992412460701806
plant_stand,8,1742828772232_jpg.rf.eac783510a9614c875a94a56479f17de.jpg,1024,768,36,bushbean,37,22,14,15,0.5945945945945946,0.6111111111111112,0.6662271603033242,bushbean,0.6951141977632368
plant_stand,9,1707731377299_jpg.rf.d8973cede886b9d909b6d14855ae861a.jpg,3000,4000,22,bushbean,22,22,0,0,1.0,1.0,0.7624520303410743,bushbean,0.8384989256208594
plant_stand,10,1742813609830_jpg.rf.eb90d544900da95611c3742b14faa116.jpg,768,1024,22,bushbean,21,19,3,2,0.9047619047619048,0.8636363636363636,0.6723109592275538,bushbean,0.6695629670506432
plant_stand,11,1708511922032_jpg.rf.cb4c0c55031c22fc9d7c8f7984aaa8ab.jpg,3584,960,100,bushbean,98,74,26,24,0.7551020408163265,0.74,0.672034686608556,bushbean,0.7700188254215279
plant_stand,12,1744013471814_jpg.rf.9a7135b1dd71627205da5ea039738685.jpg,460,1024,22,bushbean,40,15,7,25,0.375,0.6818181818181818,0.7123787966080812,bushbean,0.689433091878891
plant_stand,13,1743516279825_jpg.rf.95fb7b1784fe832529b0d93c14d259e7.jpg,768,1024,47,bushbean,35,2,45,33,0.05714285714285714,0.0425531914893617,0.6691639515417708,bushbean,0.6029353031090328
plant_stand,14,1743676403044_jpg.rf.f108eb48b2d90752c44718ff52088c3a.jpg,768,1024,44,bushbean,41,28,16,13,0.6829268292682927,0.6363636363636364,0.7489732156301304,bushbean,0.7552384566969987
plant_stand,15,1744177915946_jpg.rf.97d173eb2fccd66a38756dc39ae528c4.jpg,768,1024,41,bushbean,44,29,12,15,0.6590909090909091,0.7073170731707317,0.7220414980866598,bushbean,0.665978692471981
plant_stand,16,1743583187801_jpg.rf.c1f1551d53a3e33131e53128e9c1f685.jpg,1024,768,40,bushbean,40,27,13,13,0.675,0.675,0.6612622598276076,bushbean,0.7631741471588611
plant_stand,17,0f4da6fd-237f-48fd-be5d-1e1c7a23e6d7_jpg.rf.5781e5b146aea550a59d4156b97171f5.jpg,6684,3440,33,bushbean,36,17,16,19,0.4722222222222222,0.5151515151515151,0.6525066167852804,bushbean,0.7283309855394893
plant_stand,18,1743164380539_jpg.rf.e4575efbc3973561899c78a08897cb27.jpg,1024,768,36,bushbean,36,24,12,12,0.6666666666666666,0.6666666666666666,0.6728094286948831,bushbean,0.7545120509134399
plant_stand,19,1743403903190_jpg.rf.ce6425fc298ecdc53b9cf80d07d5f77b.jpg,1024,768,27,bushbean,30,20,7,10,0.6666666666666666,0.7407407407407407,0.7288042231627042,bushbean,0.7261199702819189
plant_stand,20,1707822018032_jpg.rf.8dd0cef851ea6754c311ec5a37551eb9.jpg,3060,4080,12,bushbean,12,12,0,0,1.0,1.0,0.8612228002094847,bushbean,0.8538427154223124
plant_stand,21,1743591030617_jpg.rf.7519cc378ecda0d9bd68111afeaa482c.jpg,1024,768,39,bushbean,38,36,3,2,0.9473684210526315,0.9230769230769231,0.7139354576857665,bushbean,0.820209527486249
plant_stand,22,1746455450029_jpg.rf.75050f1b758fe6bcb60624a73a7e2ee9.jpg,1024,1024,29,bushbean,24,6,23,18,0.25,0.20689655172413793,0.6333891250693678,bushbean,0.5987101073066393
plant_stand,23,1707728564335_jpg.rf.4d8cb0f6176a72970455b124601355dd.jpg,3000,4000,29,bushbean,29,28,1,1,0.9655172413793104,0.9655172413793104,0.6911961195684972,bushbean,0.8196572250333326
plant_stand,24,1743320507051_jpg.rf.394d230ccc4dbe88e6f5825e2423a114.jpg,765,1020,43,bushbean,41,15,28,26,0.36585365853658536,0.3488372093023256,0.6753603284702981,bushbean,0.6854076828898453
plant_stand,25,1743224760017_jpg.rf.4d146665c4511f82dfbdeabf4a418845.jpg,1024,768,73,bushbean,59,37,36,22,0.6271186440677966,0.5068493150684932,0.7165574102407701,bushbean,0.7507569047354036
plant_stand,26,1743401659655_jpg.rf.5ebbc683b03be0824a6bebaa4480478b.jpg,1024,768,38,bushbean,43,26,12,17,0.6046511627906976,0.6842105263157895,0.6269706494333283,bushbean,0.6302308876847111
plant_stand,27,moment_2_socioconomic_20240405_14c944d9-8145-4091-87e1-75d4628881c0_1717310333337_jpg.rf.9576cc44f05bb8fc04fc51db7f65df6a.jpg,3120,4160,33,bushbean,35,23,10,12,0.6571428571428571,0.696969696969697,0.7403874713135643,bushbean,0.7063414582184383
plant_stand,28,1742815183769_jpg.rf.c6e13dd6680c21835d1816b41732a603.jpg,768,1024,13,bushbean,6,3,10,3,0.5,0.23076923076923078,0.6244137679440355,bushbean,0.5344392706950506
plant_stand,29,1742828590852_jpg.rf.df579a0fb44f575dd1d885ddba1aea38.jpg,1024,768,22,bushbean,9,3,19,6,0.3333333333333333,0.13636363636363635,0.722079811166623,bushbean,0.6388984256320529
plant_stand,30,1743581675725_jpg.rf.61c90a2bd8b105b2fd31861a3994f615.jpg,768,1024,64,bushbean,59,43,21,16,0.7288135593220338,0.671875,0.7468851808672811,bushbean,0.6479295214353982
plant_stand,31,1707728479067_jpg.rf.1ab694ef83e9147da29b50e51c7770cc.jpg,3000,4000,49,bushbean,51,48,1,3,0.9411764705882353,0.9795918367346939,0.8034790625867427,bushbean,0.792248043943854
plant_stand,32,1707728728690_jpg.rf.55441acd93866d2351a08d12576189ac.jpg,3000,4000,38,bushbean,40,36,2,4,0.9,0.9473684210526315,0.6876975716691378,bushbean,0.8150551885366439
plant_stand,33,1743668804504_jpg.rf.c0e07a710cf3bb26a8e6462c13a73824.jpg,1024,1024,20,bushbean,18,11,9,7,0.6111111111111112,0.55,0.6560387471694104,bushbean,0.6615097009473376
plant_stand,34,a44b3625-fa30-4586-85e1-89dd47db3593_jpg.rf.f12d22e2e357e8d191b480438b87dca6.jpg,6208,3341,97,bushbean,99,83,14,16,0.8383838383838383,0.8556701030927835,0.7448924102872132,bushbean,0.7670549027847521
plant_stand,35,1743402793083_jpg.rf.da17c30af1c572f081adb5a6bcea1fc1.jpg,1024,768,33,bushbean,35,21,12,14,0.6,0.6363636363636364,0.7049112179983895,bushbean,0.6890914670058659
plant_stand,36,1746366550199_jpg.rf.c03973bf4f709cced6ea4f684d322a7b.jpg,1024,1024,20,bushbean,38,14,6,24,0.3684210526315789,0.7,0.6476945422852091,bushbean,0.5948022078526648
plant_stand,37,1707898831977_jpg.rf.0cddcd3c0decd3641956caeec5c2a65a.jpg,5980,2306,87,bushbean,89,85,2,4,0.9550561797752809,0.9770114942528736,0.7604097017702499,bushbean,0.8201901001876659
plant_stand,38,1743518803363_jpg.rf.0ac446ceee7a47ef5b9bf7f3cbe117ec.jpg,768,1024,28,bushbean,36,19,9,17,0.5277777777777778,0.6785714285714286,0.7152928601990435,bushbean,0.6755466279056337
plant_stand,39,1743420520382_jpg.rf.71c890a38de0011416ff48ac2cb1bf88.jpg,1024,456,60,bushbean,47,25,35,22,0.5319148936170213,0.4166666666666667,0.6913992478787805,bushbean,0.6767156942093626
plant_stand,40,moment_2_socioconomic_20240405_dab4290b-8a7b-47d5-b57b-6b6ab8b7c419_1714195740309_jpg.rf.acb35324c1b43c7d3c63da1681f6f3f8.jpg,3120,4160,28,bushbean,31,22,6,9,0.7096774193548387,0.7857142857142857,0.7101305906116785,bushbean,0.7279096620698129
plant_stand,41,1742815137005_jpg.rf.0d22527ff669d445cb7b4e3d426be6ac.jpg,768,1024,16,bushbean,22,14,2,8,0.6363636363636364,0.875,0.6472726093005352,bushbean,0.7358352149074728
plant_stand,42,1743593937563_jpg.rf.4a48990af03a58cdfbd3a407d16f4e54.jpg,1024,768,23,bushbean,20,15,8,5,0.75,0.6521739130434783,0.7232613888152152,bushbean,0.8098325997591018
plant_stand,43,1707729454777_jpg.rf.8485dbff121c044d6887b6efddc8a8f3.jpg,1932,2576,73,bushbean,60,35,38,25,0.5833333333333334,0.4794520547945205,0.617048338424799,bushbean,0.7985187078515689
plant_stand,44,1743163585234_jpg.rf.43b8e55ab8b7bab3fea5720ab01903bf.jpg,1024,768,45,bushbean,44,36,9,8,0.8181818181818182,0.8,0.7206209443738912,bushbean,0.7424971772865816
plant_stand,45,1707381453460_jpg.rf.7f1df996f52d33d39d22acea615d78b5.jpg,9648,2384,86,bushbean,87,59,27,28,0.6781609195402298,0.686046511627907,0.6211440075540681,bushbean,0.696206246984416
plant_stand,46,0ab71ec0-47af-424c-b381-b0246fb92f34_jpg.rf.2ed79ec6a235061e7bfe6a9edce2b543.jpg,4993,2854,33,bushbean,21,10,23,11,0.47619047619047616,0.30303030303030304,0.6276912928415648,bushbean,0.5240574124313536
plant_stand,47,1744043793176_jpg.rf.df8db824ea46765ea795e4025c1e18aa.jpg,1024,460,35,bushbean,35,17,18,18,0.4857142857142857,0.4857142857142857,0.6717107019885548,bushbean,0.648030789409365
plant_stand,48,1743765114641_jpg.rf.ed6a9a2a856b19044846b06c9ca54563.jpg,768,1024,20,bushbean,29,13,7,16,0.4482758620689655,0.65,0.6363525025691104,bushbean,0.676807879373945
plant_stand,49,moment_2_socioconomic_20240405_8782c2d7-81ae-4783-ae5d-4c6fea8bc60c_1714740946379_jpg.rf.3f7b42762aa403ae1683e1bee0f466d2.jpg,3120,4160,16,bushbean,16,14,2,2,0.875,0.875,0.7291613011185085,bushbean,0.6977898385375738
plant_stand,50,1742814742716_jpg.rf.a8a14764230dc6c2d06b4d54ef86ede7.jpg,768,1024,29,bushbean,24,20,9,4,0.8333333333333334,0.6896551724137931,0.6327908719658674,bushbean,0.6631962681810061
plant_stand,51,1744126274059_jpg.rf.bd47b5ee731e373491fa72b7f83b3bad.jpg,768,1024,53,bushbean,45,36,17,9,0.8,0.6792452830188679,0.7010064761235023,bushbean,0.70618520643976
plant_stand,52,1743581901452_jpg.rf.6f814bb43b855c4cfe777a265cb2dbe8.jpg,1024,768,39,bushbean,35,29,10,6,0.8285714285714286,0.7435897435897436,0.798432622332895,bushbean,0.8453526071139744
plant_stand,53,1744043686571_jpg.rf.87bc754ebffaf60264f36648f2c75a5d.jpg,1024,460,35,bushbean,35,22,13,13,0.6285714285714286,0.6285714285714286,0.7540527551990857,bushbean,0.7046889500958579
plant_stand,54,1750494966310_jpg.rf.6fa2a63cbb235ed1886a12c7babb383c.jpg,768,1024,4,bushbean,3,1,3,2,0.3333333333333333,0.25,0.5153119990184544,bushbean,0.42663513620694477
plant_stand,55,1746880340710_jpg.rf.461ef68351d8075349a1b63e950adcdf.jpg,1024,1024,24,bushbean,45,16,8,29,0.35555555555555557,0.6666666666666666,0.6208438154862574,bushbean,0.7144305215941535
plant_stand,56,1ebd83fd-d130-485e-98a6-f531c33be565_jpg.rf.f4ae07698a1baeddc40136349616459d.jpg,5305,3149,27,bushbean,29,25,2,4,0.8620689655172413,0.9259259259259259,0.8098733650904484,bushbean,0.793416191791666
plant_stand,57,1743511352199_jpg.rf.547991c748ef54b86227f19995ba0e11.jpg,768,1024,31,bushbean,41,22,9,19,0.5365853658536586,0.7096774193548387,0.6525249354090131,bushbean,0.6306918285241941
plant_stand,58,1743239488687_jpg.rf.aa7da73ab7f410083e7d7e7c3a66645c.jpg,1024,768,46,bushbean,45,31,15,14,0.6888888888888889,0.6739130434782609,0.7154643751158604,bushbean,0.7369534929593404
plant_stand,59,1743409611377_jpg.rf.1b69ea8948ba714a966a49ddbee70ba2.jpg,765,1020,2,bushbean,6,2,0,4,0.3333333333333333,1.0,0.7034157482963359,bushbean,0.6042862435181936
plant_stand,60,1743512584209_jpg.rf.ef9e5f817851060453e53d65ac771bf2.jpg,768,1024,42,bushbean,37,15,27,22,0.40540540540540543,0.35714285714285715,0.6024998970275288,bushbean,0.6455732390687272
plant_stand,61,1743515500285_jpg.rf.f9f9f03243882dd1912e35cec8b09b3d.jpg,1024,768,50,bushbean,57,23,27,34,0.40350877192982454,0.46,0.6005245356572434,bushbean,0.6758356977973068
plant_stand,62,1743592760428_jpg.rf.fbe59eb96bf639159869a9d59aa364b6.jpg,1024,768,49,bushbean,44,30,19,14,0.6818181818181818,0.6122448979591837,0.6961948685556092,bushbean,0.7982646057551558
plant_stand,63,1743235164514_jpg.rf.86615f31c9156dd4193147b8e16dd69c.jpg,1024,768,50,bushbean,43,34,16,9,0.7906976744186046,0.68,0.6849518129898353,bushbean,0.7699988359628722
plant_stand,64,moment_2_socioconomic_b1c20316-dda1-444f-abe7-ab11e549e639_1712840843025_jpg.rf.b34edd88eb96f9c9b483d335ab49f404.jpg,3072,4080,39,bushbean,42,22,17,20,0.5238095238095238,0.5641025641025641,0.7397234828503675,bushbean,0.7000100463628769
plant_stand,65,1707731058146_jpg.rf.54671823212b1882bd187bc157d502fe.jpg,3000,4000,54,bushbean,57,48,6,9,0.8421052631578947,0.8888888888888888,0.7412709153837995,bushbean,0.7504541853017974
plant_stand,66,1707820580035_jpg.rf.318dd0064c3329e990b33f7a65771479.jpg,4064,3048,14,bushbean,15,14,0,1,0.9333333333333333,1.0,0.8120812157176249,bushbean,0.8170490384101867
plant_stand,67,1a0872c9-31bd-44d1-9c70-9db96552a58d_jpg.rf.0ee85fb2b6408a3edc5d6f41631286a9.jpg,6335,2865,65,bushbean,76,38,27,38,0.5,0.5846153846153846,0.6521710943303484,bushbean,0.7158980287219349
plant_stand,68,moment_2_socioconomic_1a3d2d77-1c96-4336-a34f-65a076aab05d_1712227155096_jpg.rf.9fd26fcfe69d5eb52f2d48f2672677c0.jpg,2448,3264,61,bushbean,64,51,10,13,0.796875,0.8360655737704918,0.7063057050272302,bushbean,0.7370539847761393
plant_stand,69,1743404409460_jpg.rf.63577a8003da1f2765cf141e2d8f27dc.jpg,1024,576,34,bushbean,24,10,24,14,0.4166666666666667,0.29411764705882354,0.6618837322428887,bushbean,0.6053463021914164
plant_stand,70,1743404485183_jpg.rf.07b62366f8be85b5b0a4c056ceb35b61.jpg,1024,576,19,bushbean,14,4,15,10,0.2857142857142857,0.21052631578947367,0.6580305239387005,bushbean,0.5548846913235528
plant_stand,71,1744105138406_jpg.rf.c51f5ab7fbc2a5cac0b6c867a61b6bbe.jpg,1024,768,36,bushbean,39,26,10,13,0.6666666666666666,0.7222222222222222,0.7386665126087203,bushbean,0.7413041797968057
plant_stand,72,moment_2_socioconomic_20240405_3a7cfcc2-2c03-47df-bd59-3022b4c65b97_1714121797706_jpg.rf.fdbbd95d350dd006eee4a7ffb3c6a5f3.jpg,3120,4160,21,bushbean,21,14,7,7,0.6666666666666666,0.6666666666666666,0.6559331016818959,bushbean,0.6162572872071039
plant_stand,73,1743164887037_jpg.rf.6653b9704297a068680023ee77c9b87f.jpg,460,1024,32,bushbean,40,20,12,20,0.5,0.625,0.608114754465808,bushbean,0.6548493035137654
plant_stand,74,1743764198033_jpg.rf.1db6159ee8b0bdda9c6208796a38211c.jpg,768,1024,32,bushbean,28,17,15,11,0.6071428571428571,0.53125,0.6762300078292706,bushbean,0.7397176325321198
plant_stand,75,1743064879563_jpg.rf.7bc89bf16fdb6da6e079c152a2cabb03.jpg,783,656,56,bushbean,62,9,47,53,0.14516129032258066,0.16071428571428573,0.5529553589098749,bushbean,0.6494036874463481
plant_stand,76,1743580141421_jpg.rf.439b98364638a9128fb8eb605f056707.jpg,1024,1024,31,bushbean,40,14,17,26,0.35,0.45161290322580644,0.6756413786505192,bushbean,0.7045413367450237
plant_stand,77,1743088010044_jpg.rf.4d1ef49e214ce8e74ed5f2f28f363a2f.jpg,1024,1024,27,bushbean,43,21,6,22,0.4883720930232558,0.7777777777777778,0.7064729182198564,bushbean,0.6300774653290593
plant_stand,78,1743588003434_jpg.rf.a0ddec8148797b109aa5daa70f67a585.jpg,1024,768,42,bushbean,24,16,26,8,0.6666666666666666,0.38095238095238093,0.646515004351763,bushbean,0.5402983178695043
plant_stand,79,1742827543477_jpg.rf.14206081de93985c27939c4021517d99.jpg,1024,768,41,bushbean,47,35,6,12,0.7446808510638298,0.8536585365853658,0.6848900296507316,bushbean,0.713780587023877
plant_stand,80,0a0b9479-04c5-4b2a-8b81-80de9f6ff5a3_jpg.rf.276388058be1b0b32f8ab1122e9ab2c3.jpg,5482,3057,51,bushbean,49,42,9,7,0.8571428571428571,0.8235294117647058,0.747159296205555,bushbean,0.7777602915861168
plant_stand,81,1707383389369_jpg.rf.4de86a300d5f17fa67aaabeaa8eccd61.jpg,7783,2544,98,bushbean,98,87,11,11,0.8877551020408163,0.8877551020408163,0.7362904796780293,bushbean,0.7444301962244267
plant_stand,82,1743511414716_jpg.rf.1ca14daf258574a39b02fd516415fd30.jpg,768,1024,24,bushbean,30,13,11,17,0.43333333333333335,0.5416666666666666,0.625796347826443,bushbean,0.6957500606775284
plant_stand,83,1de9981e-3d87-431c-920f-7d912ff89df8_jpg.rf.ed11f91ffc79e85ce9b6120a47c4f8d8.jpg,5388,3420,33,bushbean,27,5,28,22,0.18518518518518517,0.15151515151515152,0.5631202130568902,bushbean,0.5122030840979682
plant_stand,84,1707383584166_jpg.rf.3f3a8c9fe8fdac05ac057af8a4a011ee.jpg,6948,2051,67,bushbean,67,61,6,6,0.9104477611940298,0.9104477611940298,0.6711730259429506,bushbean,0.742958846376903
plant_stand,85,1743764416886_jpg.rf.9f04f056d5056d4c50c03c861d768e90.jpg,768,1024,30,bushbean,32,16,14,16,0.5,0.5333333333333333,0.6513687515255305,bushbean,0.664856493473053
plant_stand,86,1743162832355_jpg.rf.65ea4f42cbbc630a8e35b6b6ff2ad2df.jpg,1024,768,24,bushbean,39,21,3,18,0.5384615384615384,0.875,0.7121277146104542,bushbean,0.7064854716643308
plant_stand,87,1707820685169_jpg.rf.ce3e50a2771fbdf01229bd75d891b08c.jpg,3048,4064,17,bushbean,14,12,5,2,0.8571428571428571,0.7058823529411765,0.7366587716946151,bushbean,0.8380278114761625
plant_stand,88,1743162727296_jpg.rf.0010696ad846b0093b0c3a396d2cbe4b.jpg,1024,768,35,bushbean,30,21,14,9,0.7,0.6,0.6668922603065164,bushbean,0.667377907037735
plant_stand,89,1743763571581_jpg.rf.f676b41aaac1faad1d3c072698160e65.jpg,768,1024,29,bushbean,32,11,18,21,0.34375,0.3793103448275862,0.6164358742676692,bushbean,0.687586179934442
plant_stand,90,1742814185272_jpg.rf.89dcd1022298eb8d62b644dc6eb715a9.jpg,768,1024,22,bushbean,21,9,13,12,0.42857142857142855,0.4090909090909091,0.6184930881524728,bushbean,0.6712677961304074
plant_stand,91,1743833521643_jpg.rf.99fe13f8bcce7a5ce43e8ef65ae1fa16.jpg,1024,1024,45,bushbean,60,32,13,28,0.5333333333333333,0.7111111111111111,0.7126055439152976,bushbean,0.6468582853674889
plant_stand,92,1743237004366_jpg.rf.5049606dd30f8530ea42f109f2919a72.jpg,1024,768,61,bushbean,58,37,24,21,0.6379310344827587,0.6065573770491803,0.6727945314624246,bushbean,0.7450473457574844
plant_stand,93,1743403923032_jpg.rf.f97bda0d4a5fcbbb23c3360898b26a84.jpg,1024,576,27,bushbean,39,16,11,23,0.41025641025641024,0.5925925925925926,0.6525346882491377,bushbean,0.651002993950477
plant_stand,94,1743764507826_jpg.rf.16cfead8dcb9897d84d1fa414bc51fa4.jpg,768,1024,51,bushbean,43,13,38,30,0.3023255813953488,0.2549019607843137,0.6248536667678205,bushbean,0.7190999963948893
plant_stand,95,1dd5abbe-23e5-4d21-bc90-489cc1e8dd34_jpg.rf.2708b5ead26b05fd2c0f2785507ce409.jpg,6144,3584,128,bushbean,125,110,18,15,0.88,0.859375,0.7300305556596015,bushbean,0.7954000236988068
plant_stand,96,0aa9664b-57a2-45ca-be01-91fd837499ce_jpg.rf.0ba5dd2bed099aaa4ffbc35c7f7eb3d7.jpg,5680,3744,43,bushbean,41,40,3,1,0.975609756097561,0.9302325581395349,0.7614398553724715,bushbean,0.8172368959682744
plant_stand,97,1744210861750_jpg.rf.84b9e9af4d9831a78fd9516bdbed5167.jpg,768,1024,50,bushbean,43,24,26,19,0.5581395348837209,0.48,0.6340937966511688,bushbean,0.6079296254834463
plant_stand,98,1742814700786_jpg.rf.e311f4582b5150f1ba8cd287a237f008.jpg,768,1024,39,bushbean,42,28,11,14,0.6666666666666666,0.717948717948718,0.6645219530215967,bushbean,0.6632554112445741
plant_stand,99,1744705898152_jpg.rf.e95e17cc9a0f5e235bbecce04314b3bc.jpg,768,1024,29,bushbean,30,17,12,13,0.5666666666666667,0.5862068965517241,0.6692956879523264,bushbean,0.6707328965266546
plant_stand,100,0bcb1515-82cd-411a-b68c-9436120bf714_jpg.rf.73a2b35498df26ee5ca2e2371d4819b7.jpg,6063,2765,85,bushbean,74,67,18,7,0.9054054054054054,0.788235294117647,0.7706761977637235,bushbean,0.7327916626189206
plant_stand,101,1743165596071_jpg.rf.7934e3b6b23820abf88b9405b862f3d3.jpg,1024,768,33,bushbean,27,14,19,13,0.5185185185185185,0.42424242424242425,0.5992112685628109,bushbean,0.66708328988817
plant_stand,102,1707471934126_jpg.rf.9ba4cd13fb16b3c3b8acf093c1d0e6f9.jpg,7680,2304,108,bushbean,79,41,67,38,0.5189873417721519,0.37962962962962965,0.6477206035579466,bushbean,0.7775775171533416
plant_stand,103,1743402164689_jpg.rf.aae4b264cf3c9aa2988f7911f9bd7efd.jpg,1024,768,35,bushbean,28,9,26,19,0.32142857142857145,0.2571428571428571,0.6864775921512718,bushbean,0.6514501539724213
plant_stand,104,1743951298605_jpg.rf.f8e1deac4dcfd606fc5442ce26b4eabc.jpg,1024,460,10,bushbean,20,9,1,11,0.45,0.9,0.8051331483989472,bushbean,0.7178429409861564
plant_stand,105,1743258165191_jpg.rf.fd0c85c8a7fd3b23a1dc9868872f5589.jpg,460,1024,11,bushbean,42,5,6,37,0.11904761904761904,0.45454545454545453,0.6206619150691752,bushbean,0.6751395343315034
plant_stand,106,1ee1558a-a08d-4e8c-b101-d09edc319563_jpg.rf.f96e4b75849f7c5395ffc49198c5ac2d.jpg,5862,3164,75,bushbean,73,68,7,5,0.9315068493150684,0.9066666666666666,0.8023556430026666,bushbean,0.8151112019199215
plant_stand,107,aaec442e-8a4a-43c2-8f37-8d66a29f9d62_jpg.rf.3bdc564c7d0cca123500029269fa60bd.jpg,6099,3328,1,bushbean,6,0,1,6,0.0,0.0,,bushbean,0.5235446840524673
plant_stand,108,1743749029460_jpg.rf.5a7b997cc14ad2b4c7d4a6ece6280e04.jpg,1024,1024,53,bushbean,51,37,16,14,0.7254901960784313,0.6981132075471698,0.6992856162460054,bushbean,0.7512445940690882
plant_stand,109,1743518556238_jpg.rf.13dd094655e7ad68ef2545ea18dd8966.jpg,768,1024,32,bushbean,39,25,7,14,0.6410256410256411,0.78125,0.7656377941708281,bushbean,0.674256043556409
plant_stand,110,50c51dad-1c8f-4c6a-aec7-8a37d7683bac_jpg.rf.a5ce6734fdd860f3e9b9e6fdfcb67879.jpg,7440,3824,79,bushbean,75,54,25,21,0.72,0.6835443037974683,0.7014541986117407,bushbean,0.759946140050888
plant_stand,111,8ca8c572-a5ee-49b0-9e51-ad7aa4b4d9e1_jpg.rf.abb6adbe891b98729bc80e9f33cfcc05.jpg,7136,3728,79,bushbean,85,68,11,17,0.8,0.8607594936708861,0.6951613031889535,bushbean,0.7650221393388861
plant_stand,112,97433ceb-fdd3-4b5d-bd81-6e672e543c6f_jpg.rf.018b8ee035717bbe4911144b1cf7ae75.jpg,7632,3360,67,bushbean,65,59,8,6,0.9076923076923077,0.8805970149253731,0.7536920100647229,bushbean,0.7654460984926957
plant_stand,113,1742827946628_jpg.rf.6952c885d3641730d35362c9e12a7fe8.jpg,1024,768,30,bushbean,25,18,12,7,0.72,0.6,0.6481524064538805,bushbean,0.6829175364971161
plant_stand,114,1743403274587_jpg.rf.2680b1d99de471a59a298a0b7bf03f73.jpg,1024,768,38,bushbean,30,22,16,8,0.7333333333333333,0.5789473684210527,0.7724026809277524,bushbean,0.7050161163012186
plant_stand,115,1744037481507_jpg.rf.53d5134a7333fa96ecc2b1ce85b1d358.jpg,1024,460,44,bushbean,44,29,15,15,0.6590909090909091,0.6590909090909091,0.666607592013673,bushbean,0.7568204673853788
plant_stand,116,0daabd90-7a5e-4bb6-843e-b77f7b593168_jpg.rf.bf003125fb5e48f0d0663b13e030aff4.jpg,6064,3760,124,bushbean,114,88,36,26,0.7719298245614035,0.7096774193548387,0.6186354326558327,bushbean,0.6994967319463429
plant_stand,117,1744125993971_jpg.rf.354dfde55196e0ed36d048e7bf82c71a.jpg,768,1024,60,bushbean,37,25,35,12,0.6756756756756757,0.4166666666666667,0.6451362632003519,bushbean,0.7071396821254009
plant_stand,118,1743401487428_jpg.rf.19c44f9ce29acc89fcf08ce5bf6e492d.jpg,1024,768,32,bushbean,30,13,19,17,0.43333333333333335,0.40625,0.6546792440373408,bushbean,0.7001822332541148
plant_stand,119,1d9857a2-3009-46d3-b334-3b23cde70a3b_jpg.rf.74cc4fcfc022a46b045625791c6d7630.jpg,5719,3264,68,bushbean,88,53,15,35,0.6022727272727273,0.7794117647058824,0.7216277022663716,bushbean,0.7302993038161234
plant_stand,120,e9294bb6-5519-454b-a22f-8c4decfb8d63_jpg.rf.41d16a817909430fe070eb5c4b7fa1d2.jpg,8144,3680,94,bushbean,98,85,9,13,0.8673469387755102,0.9042553191489362,0.7179812494832125,bushbean,0.7866624633268434
plant_stand,121,1743487236220_jpg.rf.61acaac167b2ede9ba6078f3f62686b8.jpg,1024,768,28,bushbean,31,18,10,13,0.5806451612903226,0.6428571428571429,0.6733147960654059,bushbean,0.6443692099663519
plant_stand,122,1743163471166_jpg.rf.9db502a6ed2f8dc6b7f53677ae608e87.jpg,1024,768,20,bushbean,26,12,8,14,0.46153846153846156,0.6,0.6658933446203541,bushbean,0.6349048465490341
plant_stand,123,1708419227369_jpg.rf.85602d22fb1bc5020c69e45cee194f95.jpg,3000,4000,50,bushbean,49,45,5,4,0.9183673469387755,0.9,0.8405673812499072,bushbean,0.7843044193423524
plant_stand,124,1a0a70ce-6fa5-44b8-9b3f-e8b122da5b24_jpg.rf.a4db5d27bda773fde458bd8dbc2a4e89.jpg,4592,3616,57,bushbean,62,43,14,19,0.6935483870967742,0.7543859649122807,0.6751148588218204,bushbean,0.7130447179079056
plant_stand,125,1707380971687_jpg.rf.75f628cce63ebf5db3a3e72a59117b90.jpg,7445,2017,52,bushbean,51,15,37,36,0.29411764705882354,0.28846153846153844,0.6265816096159581,bushbean,0.669181653097564
plant_stand,126,1707472036430_jpg.rf.e6231dafb5fc20fdcaaef380ea12a6e4.jpg,7680,2368,139,bushbean,105,77,62,28,0.7333333333333333,0.5539568345323741,0.7017613276044883,bushbean,0.7920194603147961
plant_stand,127,ca6a9e72-b2fb-4355-80d4-ca1bf2c4fd1b_jpg.rf.4cf0450fd7b055ea961646c8824aae64.jpg,7392,3536,68,bushbean,65,50,18,15,0.7692307692307693,0.7352941176470589,0.6307477272698915,bushbean,0.7305438669828268
plant_stand,128,1743158347187_jpg.rf.f3cbc68919a0fbe8d2f46e94a10368e9.jpg,768,1024,36,bushbean,36,25,11,11,0.6944444444444444,0.6944444444444444,0.6187257039608886,bushbean,0.6779956453376346
plant_stand,129,1743403687524_jpg.rf.b13aabc0b374dfdd50de913a6ea5af17.jpg,1024,768,29,bushbean,32,13,16,19,0.40625,0.4482758620689655,0.6901399543945732,bushbean,0.7225841647014022
plant_stand,130,1743401143386_jpg.rf.6c546b50a1e4a188905b4d74bdfffb0e.jpg,1024,768,36,bushbean,35,14,22,21,0.4,0.3888888888888889,0.668787033849215,bushbean,0.6938338075365339
plant_stand,131,moment_2_socioconomic_c3291d7b-49c5-421c-add4-4d47fd05b9e1_1713333811528_jpg.rf.f863ee9debe3bfe158aac05d6d4bf251.jpg,2448,3264,25,bushbean,24,19,6,5,0.7916666666666666,0.76,0.7020119062496848,bushbean,0.7333499230444431
plant_stand,132,882bf369-b58b-4413-82cd-9827ce7dcb9c_jpg.rf.f26f707bc367e3f928aa0df1a02f7dd7.jpg,8016,3632,85,bushbean,77,67,18,10,0.8701298701298701,0.788235294117647,0.706434046562094,bushbean,0.7497979464469018
plant_stand,133,1743677464805_jpg.rf.a9eb9ad54a857343b6fa609e71cac9d5.jpg,1024,768,40,bushbean,44,31,9,13,0.7045454545454546,0.775,0.7319077156350834,bushbean,0.7710201970555566
plant_stand,134,moment_2_socioconomic_399828a3-b575-4422-9d3f-4b3c0f50728f_1712827668336_jpg.rf.12f2b2b041ac36e9d680477f4ae5ffde.jpg,3072,4080,76,bushbean,65,37,39,28,0.5692307692307692,0.4868421052631579,0.6829476499206166,bushbean,0.6767416921945718
plant_stand,135,1744038269194_jpg.rf.c840ee018fdd171ea29cc5a3bb1fcaa3.jpg,1024,460,65,bushbean,48,32,33,16,0.6666666666666666,0.49230769230769234,0.6508536223949671,bushbean,0.6832142286002636
plant_stand,136,moment_2_socioconomic_20240405_31882735-67fa-4690-b585-564934ced7c0_1714821319814_jpg.rf.bbf4759581180058d758f03a9398bd1b.jpg,3120,4160,34,bushbean,32,19,15,13,0.59375,0.5588235294117647,0.6713652097434725,bushbean,0.7368094641715288
plant_stand,137,aa0141b5-9e91-48d9-9aee-0609373d56f8_jpg.rf.6bd48b690956b3306dd021fa5ff0118d.jpg,6217,2851,21,bushbean,40,2,19,38,0.05,0.09523809523809523,0.5753339134994294,bushbean,0.6052746489644051
plant_stand,138,1743401794323_jpg.rf.96e44561565c8d4044ab61cfac0072ef.jpg,1024,768,35,bushbean,30,13,22,17,0.43333333333333335,0.37142857142857144,0.6165253799869492,bushbean,0.7211984475453694
plant_stand,139,1743165513328_jpg.rf.124836c42d0ab7f88126bfa2b84d4dd1.jpg,1024,768,13,bushbean,19,9,4,10,0.47368421052631576,0.6923076923076923,0.6596024273137796,bushbean,0.6961128523475245
plant_stand,140,1707899565439_jpg.rf.09d2423adcd55e9d2723c34396d52cbd.jpg,7704,2448,72,bushbean,63,48,24,15,0.7619047619047619,0.6666666666666666,0.7426653245537326,bushbean,0.7424173648395236
plant_stand,141,a62cda48-9113-4bdb-b2b3-43a0ddd20488_jpg.rf.d29b49c4233a5cdf146a8d6afbafd047.jpg,5827,3057,53,bushbean,52,50,3,2,0.9615384615384616,0.9433962264150944,0.7851444911915512,bushbean,0.8054887927495517
plant_stand,142,0b6c4267-7d8b-4aab-9720-cff55ce2c49f_jpg.rf.2733a49004e7c103490ed79ba57d80ce.jpg,7632,3472,109,bushbean,105,88,21,17,0.8380952380952381,0.8073394495412844,0.6667197356069992,bushbean,0.7766675233840943
plant_stand,143,79315dc9-5ae7-468d-ba76-d5558d6e2721_jpg.rf.c97e037069d568315b0be8b567b491f5.jpg,7584,3712,71,bushbean,70,61,10,9,0.8714285714285714,0.8591549295774648,0.7609180212510847,bushbean,0.7597526213952474
plant_stand,144,1743401883330_jpg.rf.bfc1663f894fa057b43c979f3a0de34e.jpg,1024,768,33,bushbean,30,19,14,11,0.6333333333333333,0.5757575757575758,0.6853044778653147,bushbean,0.684750563899676
plant_stand,145,1707731534797_jpg.rf.c3a39385a552fbdd805a8f0e3e3d7547.jpg,3000,4000,30,bushbean,32,27,3,5,0.84375,0.9,0.70917769886575,bushbean,0.7949836235493422
plant_stand,146,1743403363774_jpg.rf.57b2a72d5ce09a535a5d443e2e4b98c0.jpg,1024,576,17,bushbean,20,8,9,12,0.4,0.47058823529411764,0.6461135305460517,bushbean,0.622065195441246
plant_stand,147,1742814452900_jpg.rf.e18e60550f1d798f1b5b1386e5b93b3a.jpg,768,1024,9,bushbean,13,8,1,5,0.6153846153846154,0.8888888888888888,0.6990620650555035,bushbean,0.5747705583388989
plant_stand,148,ab8a9765-7004-44ea-8c99-6a2ffa36766f_jpg.rf.c03882a3660856318447ff7a81747f23.jpg,6272,3664,115,bushbean,102,87,28,15,0.8529411764705882,0.7565217391304347,0.7490022066213923,bushbean,0.7725586511340796
plant_stand,149,moment_2_socioconomic_c9f70595-3b70-495f-b8ba-cb88966e3e7e_1713251867391_jpg.rf.b78354e585a70e5ce749ec2b13243bfa.jpg,2448,3264,7,bushbean,7,5,2,2,0.7142857142857143,0.7142857142857143,0.7786761125160173,bushbean,0.7727448386805398
plant_stand,150,9898d817-a48b-4c48-b02d-9eef513a62dd_jpg.rf.f5904c591ba7f9d8fe8a57f6e2bece4c.jpg,3808,7536,65,bushbean,66,49,16,17,0.7424242424242424,0.7538461538461538,0.6451750936234034,bushbean,0.7034331645929452
plant_stand,151,204b27b6-42f8-43d8-8495-8a1bace7e105_jpg.rf.0dee25fa44de5a553571100b54b43fc8.jpg,3776,7696,94,bushbean,93,69,25,24,0.7419354838709677,0.7340425531914894,0.6695531175965399,bushbean,0.7004409762479926
plant_stand,152,1744022300299_jpg.rf.07993be5f0621abf83fa48a336752b26.jpg,1024,768,55,bushbean,52,39,16,13,0.75,0.7090909090909091,0.6989435272121451,bushbean,0.7347082558732766
plant_stand,153,1743514676257_jpg.rf.081f903bf6de407a5318beb2961e7366.jpg,768,1024,16,bushbean,43,14,2,29,0.32558139534883723,0.875,0.6950066648438187,bushbean,0.6301202254239903
plant_stand,154,a867b511-9519-439a-9689-0feede2f63a4_jpg.rf.6e176f91a1dc2e2ad958001ec63c6ad5.jpg,7824,3392,61,bushbean,59,50,11,9,0.847457627118644,0.819672131147541,0.7381393198864403,bushbean,0.7695009476047451
plant_stand,155,1743595137146_jpg.rf.70023c1ebd1c6121ba93fbb6870f6321.jpg,1024,768,63,bushbean,56,52,11,4,0.9285714285714286,0.8253968253968254,0.741022481898968,bushbean,0.7935558318027428
plant_stand,156,ac4c9419-a4e9-4192-ab50-b4e96a8fdef1_jpg.rf.5efc4a99d1b97f1a9f6f35d15b58de06.jpg,5910,3504,83,bushbean,81,71,12,10,0.8765432098765432,0.8554216867469879,0.7224408434725842,bushbean,0.8042759983627884
plant_stand,157,1743164638297_jpg.rf.cd013665456def00a52cd4b5014ab10f.jpg,1024,768,38,bushbean,41,29,9,12,0.7073170731707317,0.7631578947368421,0.7149595881543044,bushbean,0.7889703643031236
plant_stand,158,1707729678122_jpg.rf.c718ca771aec262b7b192bc08d84a661.jpg,1932,2576,44,bushbean,37,29,15,8,0.7837837837837838,0.6590909090909091,0.7322918172492002,bushbean,0.7819581265385086
plant_stand,159,moment_2_socioconomic_358f0c3f-c020-4bfc-be82-89e0bbc98a67_1713338809397_jpg.rf.957fda35fecb7be73cb5b8b10387f2f1.jpg,4160,3120,22,bushbean,30,14,8,16,0.4666666666666667,0.6363636363636364,0.6740066155448138,bushbean,0.6898836096127828
plant_stand,160,1707382896009_jpg.rf.c16a518c693dba9493bcc0f2d52a4af2.jpg,3241,896,122,bushbean,102,59,63,43,0.5784313725490197,0.48360655737704916,0.6508682295403285,bushbean,0.7904578675242031
plant_stand,161,1743587887332_jpg.rf.18c642db8dd791977d5219cf4f72b2ce.jpg,1024,768,30,bushbean,26,9,21,17,0.34615384615384615,0.3,0.6045607478354511,bushbean,0.603506136399049
plant_stand,162,1707730321752_jpg.rf.29e989fe912b7d04dd249e4c4d911f16.jpg,1932,2576,44,bushbean,49,37,7,12,0.7551020408163265,0.8409090909090909,0.6492118003883064,bushbean,0.793534589057066
plant_stand,163,ac194cbe-31fa-450a-9c3b-f6eafa5e5184_jpg.rf.32738c13dd022dadcd4baa23715fde51.jpg,5251,3456,60,bushbean,65,49,11,16,0.7538461538461538,0.8166666666666667,0.8113045288671251,bushbean,0.789198056092629
plant_stand,164,da1d451f-033c-4b73-b0a7-9c0fdcf3e8f2_jpg.rf.4db8c2d4dacb75d32568d6a4c8429f05.jpg,7264,3456,67,bushbean,73,51,16,22,0.6986301369863014,0.7611940298507462,0.7126790516769299,bushbean,0.7329893879694481
plant_stand,165,1743501124311_jpg.rf.8561e8516acb487960f958fe6f9e484b.jpg,1024,1024,30,bushbean,31,17,13,14,0.5483870967741935,0.5666666666666667,0.663928939637208,bushbean,0.6907458978314553
plant_stand,166,1742828218458_jpg.rf.2b3b42f45898b687e5ff3d98f1858ed9.jpg,1024,768,6,bushbean,19,3,3,16,0.15789473684210525,0.5,0.7079908912041941,bushbean,0.5561028797375528
plant_stand,167,2eb4db6e-a7ee-4fa2-997d-5c3572a06704_jpg.rf.eab2bd63792b370509edb2cc44458262.jpg,7504,3808,87,bushbean,93,76,11,17,0.8172043010752689,0.8735632183908046,0.718398871954655,bushbean,0.7338789820030172
plant_stand,168,8dbbecb1-45d6-421b-a74d-bf0c5eae9d46_jpg.rf.e6de838f200bac19b896cefb9b8e3d4e.jpg,7680,3728,90,bushbean,88,80,10,8,0.9090909090909091,0.8888888888888888,0.7199714249500848,bushbean,0.7421989234333689
plant_stand,169,9874a7db-81ed-436a-8573-a90cf5e7fa9c_jpg.rf.eba8c1d607f6b773de5dd10f5d98ee62.jpg,7760,3344,71,bushbean,65,56,15,9,0.8615384615384616,0.7887323943661971,0.7487525650948319,bushbean,0.7690087570593908
plant_stand,170,fc350b35-632e-4905-821b-969fbff705db_jpg.rf.acd3e3ccd9709d2b7d76607bf5faa48b.jpg,7328,3520,89,bushbean,86,79,10,7,0.9186046511627907,0.8876404494382022,0.7268974744659077,bushbean,0.7818522730539011
plant_stand,171,1743232831472_jpg.rf.675ff8a8b959b2447c0e1c3c22af380b.jpg,1024,768,49,bushbean,58,46,3,12,0.7931034482758621,0.9387755102040817,0.7915282210113435,bushbean,0.7802299055559881
plant_stand,172,1743761070716_jpg.rf.fac3a02f023455ab4e1d5c5b8af59686.jpg,1024,1024,50,bushbean,55,38,12,17,0.6909090909090909,0.76,0.674483113911156,bushbean,0.7120976491407914
plant_stand,173,1742827176608_jpg.rf.033bef765ebed483273141b97c85da92.jpg,1024,768,26,bushbean,24,17,9,7,0.7083333333333334,0.6538461538461539,0.6871347839112719,bushbean,0.7093918025493622
plant_stand,174,moment_2_socioconomic_20240405_3a7cfcc2-2c03-47df-bd59-3022b4c65b97_1714121713499_jpg.rf.8e4a44dcd837726328c996ec45241502.jpg,3120,4160,42,bushbean,67,32,10,35,0.47761194029850745,0.7619047619047619,0.6571934701014306,bushbean,0.6796080510118114
plant_stand,175,de5fb9bd-91aa-45fc-8289-f2322e034ecb_jpg.rf.65f03891473a1e6ca345f19973cb2266.jpg,3744,7456,69,bushbean,68,49,20,19,0.7205882352941176,0.7101449275362319,0.6694993266881902,bushbean,0.6895992931197671
plant_stand,176,00c4c865-39e5-4b85-9551-480097b5d973_jpg.rf.5588e2170bc8dacf219ac7a0864a1687.jpg,3712,7872,88,bushbean,88,67,21,21,0.7613636363636364,0.7613636363636364,0.6442101280916385,bushbean,0.6686737256293948
plant_stand,177,096764bd-7392-457c-af46-7ee1843f944f_jpg.rf.c209acf3d153113dc5d73d595aef34f9.jpg,8016,3136,67,bushbean,61,56,11,5,0.9180327868852459,0.835820895522388,0.7516429103405802,bushbean,0.7546725155877285
plant_stand,178,ac08a529-27d6-47eb-bea4-59744f45b430_jpg.rf.5db6fbe58a990b87ed9651ad1a3c4e8c.jpg,6208,3728,94,bushbean,88,80,14,8,0.9090909090909091,0.851063829787234,0.7482343531324529,bushbean,0.7534477920694784
plant_stand,179,18659985-8584-4c1c-8bfd-57527be95083_jpg.rf.0040116434c70b357b0835230a9121b8.jpg,7056,3232,97,bushbean,93,84,13,9,0.9032258064516129,0.865979381443299,0.7558627613205028,bushbean,0.7472853263219198
plant_stand,180,0f2eee48-132c-4405-9ad6-f785ddf11caa_jpg.rf.edaeaae6acc9e717d63a4eb82855661c.jpg,4947,3298,36,bushbean,36,35,1,1,0.9722222222222222,0.9722222222222222,0.7638391533238788,bushbean,0.8541422569089465
plant_stand,181,1707730150999_jpg.rf.52d9734c1d4784aec1a2e48f79534f1b.jpg,1932,2576,50,bushbean,54,45,5,9,0.8333333333333334,0.9,0.692279936382621,bushbean,0.8016498099874567
plant_stand,182,moment_2_socioconomic_01ebf560-73ef-40a7-b203-57479e48e804_1713348833935_jpg.rf.8384ef254f0eb0f2bfc54b0e3260cf3e.jpg,3120,4160,71,bushbean,74,39,32,35,0.527027027027027,0.5492957746478874,0.7067182645729765,bushbean,0.6485620874005396
plant_stand,183,1742813956121_jpg.rf.0254ef0a7e71d7ae3d5db1763c79f2ed.jpg,768,1024,37,bushbean,38,27,10,11,0.7105263157894737,0.7297297297297297,0.625802080345307,bushbean,0.7221729982840387
plant_stand,184,4d932ab2-ab1b-4182-abb5-2711ce1a8dd4_jpg.rf.025a1445cdf79442ca2c319c0ab3d595.jpg,7792,3696,77,bushbean,67,47,30,20,0.7014925373134329,0.6103896103896104,0.6722301791256421,bushbean,0.7072168833284236
plant_stand,185,886b65c3-0076-4465-bcf9-d301db57e13b_jpg.rf.87b7038fe56c910e61df765348f0079b.jpg,7456,3488,78,bushbean,84,73,5,11,0.8690476190476191,0.9358974358974359,0.7564136453807213,bushbean,0.7409171752986454
plant_stand,186,36efa38c-f30c-4969-b799-0f70a2b71d1b_jpg.rf.eddaa035780770f0555fb01f655960d4.jpg,7200,3840,88,bushbean,0,0,88,0,,0.0,,,
plant_stand,187,1707383321849_jpg.rf.c7c2c3ef999b577e1521ae3cabb9cc87.jpg,7557,2464,104,bushbean,92,90,14,2,0.9782608695652174,0.8653846153846154,0.6869343273659491,bushbean,0.739842990818231
plant_stand,188,moment_2_socioconomic_03f18f32-dd3d-4ba7-adea-b06cdec6edf3_1712205046595_jpg.rf.b0b5515815515da2dc920c5d9707ca54.jpg,3048,4064,43,bushbean,52,30,13,22,0.5769230769230769,0.6976744186046512,0.7258373559681954,bushbean,0.7338799679508576
plant_stand,189,moment_2_socioconomic_3ab03462-4ff0-4bb9-936d-8cf056dc2638_1712143863346_jpg.rf.1a5bd910fdccc587a6e450781dce976a.jpg,2448,3264,89,bushbean,79,47,42,32,0.5949367088607594,0.5280898876404494,0.6417382139582861,bushbean,0.648062381940552
plant_stand,190,1743403548627_jpg.rf.8c5c820f3fc9dd28a2e25615952c2158.jpg,1024,768,29,bushbean,27,13,16,14,0.48148148148148145,0.4482758620689655,0.7003149036663653,bushbean,0.665684735333478
plant_stand,191,1743512372777_jpg.rf.e9889db450a9bf3df09ffac1bf079293.jpg,768,1024,27,bushbean,38,14,13,24,0.3684210526315789,0.5185185185185185,0.6495928127689331,bushbean,0.6443172975590354
plant_stand,192,moment_2_socioconomic_113d0ef7-a389-4744-894a-d7509430608a_1712211075972_jpg.rf.9e92b7719aeaea1a12d4e7398403be24.jpg,2448,3264,73,bushbean,73,62,11,11,0.8493150684931506,0.8493150684931506,0.7634329925976221,bushbean,0.727032041712983
plant_stand,193,a16598f5-56d4-41ce-81d0-2948b65a7f88_jpg.rf.e9fef629eb0482f5676c92be8391dbbf.jpg,5696,3600,21,bushbean,24,9,12,15,0.375,0.42857142857142855,0.6244949800980198,bushbean,0.6730175366004308
plant_stand,194,93c60b54-456a-4211-aecc-79518a00769b_jpg.rf.9141c9d5c501307bbc27a7074dc1e131.jpg,7968,3712,93,bushbean,99,85,8,14,0.8585858585858586,0.9139784946236559,0.7543447886590956,bushbean,0.7469211958273493
plant_stand,195,1707728802560_jpg.rf.f78afabc4103b0c45af3b49136380f90.jpg,3000,4000,16,bushbean,15,14,2,1,0.9333333333333333,0.875,0.8089006347918802,bushbean,0.8413308103879292
plant_stand,196,eeb22c14-7a09-4ee2-936c-07a7f1382d99_jpg.rf.18bd4674ae1771b4d4800d992df111ef.jpg,7600,3696,99,bushbean,99,83,16,16,0.8383838383838383,0.8383838383838383,0.7529563456957704,bushbean,0.6819248193442219
plant_stand,197,a68d9d2a-4c2e-4410-9952-a5e0f1b53585_jpg.rf.d4152cb56d1acac7671ebf09f0ee4e61.jpg,5313,2777,40,bushbean,46,21,19,25,0.45652173913043476,0.525,0.6535240542787455,bushbean,0.7250158443399097
plant_stand,198,1743568717264_jpg.rf.8dd337e7228671c629c7bee21d13b9b9.jpg,1024,1024,45,bushbean,56,20,25,36,0.35714285714285715,0.4444444444444444,0.6120457057828667,bushbean,0.6773634781794888
plant_stand,199,1742813507619_jpg.rf.b62324a0a2cd6039f177ccd39bf600d4.jpg,768,1024,29,bushbean,29,17,12,12,0.5862068965517241,0.5862068965517241,0.6592117100904762,bushbean,0.6152617407256159
plant_stand,200,1707472396648_jpg.rf.0e20b040979622cba221f7ea77181af9.jpg,7680,2256,101,bushbean,102,95,6,7,0.9313725490196079,0.9405940594059405,0.6709217438678106,bushbean,0.7904332049337088
plant_stand,201,6a15e47a-4ed8-4447-a1f7-f9d366463c4e_jpg.rf.506ef8cd159f64544aba8ace66d4d04f.jpg,7040,3238,63,bushbean,61,57,6,4,0.9344262295081968,0.9047619047619048,0.7264684991699308,bushbean,0.7761989411760549
plant_stand,202,7e735637-b243-4241-b87c-9b1889e658f2_jpg.rf.129b81076e90facdd6761199af9a213b.jpg,7952,3440,77,bushbean,80,67,10,13,0.8375,0.8701298701298701,0.6981919270341564,bushbean,0.7341912820935249
plant_stand,203,0bf441ec-e294-4885-adef-09dd7dc6b613_jpg.rf.131fba8ea831aebf8c0200e0d678e0cb.jpg,7520,3472,80,bushbean,79,58,22,21,0.7341772151898734,0.725,0.6673866323257664,bushbean,0.7323293557649926
plant_stand,204,062a1b9a-ebfd-4fb4-a93c-8bf87933d441_jpg.rf.11cb36d12a57695d0125490d43480962.jpg,7696,3824,92,bushbean,81,75,17,6,0.9259259259259259,0.8152173913043478,0.7473081867469027,bushbean,0.7447775756871259
plant_stand,205,1707731686861_jpg.rf.0b8ef7484191e105bc7d08c1948cbcc3.jpg,3000,4000,39,bushbean,40,24,15,16,0.6,0.6153846153846154,0.667507174478915,bushbean,0.8015682131052018
plant_stand,206,009cbeed-10cb-4c94-a75f-c4069459ae4b_jpg.rf.7919c88741c14f86272eb88f80920cd3.jpg,7648,3392,96,bushbean,95,79,17,16,0.8315789473684211,0.8229166666666666,0.6734668522523276,bushbean,0.7295735817206533
plant_stand,207,1ef42376-99f1-4b78-a980-634b1bd72edd_jpg.rf.5f7149fcaf5945ec897745ff390da43b.jpg,6688,3520,47,bushbean,63,21,26,42,0.3333333333333333,0.44680851063829785,0.5797244376140244,bushbean,0.6486612440101684
plant_stand,208,1743581988737_jpg.rf.73d64e567dfe171644b37f91d3b2680e.jpg,1024,768,54,bushbean,50,39,15,11,0.78,0.7222222222222222,0.7220099535858421,bushbean,0.7566591715812683
plant_stand,209,1743260221016_jpg.rf.edd14b68f30999a24ee58f18d90daa42.jpg,460,1024,1,bushbean,0,0,1,0,,0.0,,,
plant_stand,210,1743403117903_jpg.rf.2b19ca5b163b8e72416de5b549322d56.jpg,1024,576,30,bushbean,28,18,12,10,0.6428571428571429,0.6,0.7226574777699343,bushbean,0.7190943562558719
plant_stand,211,1744037694134_jpg.rf.d0e148dca0dceeb6ecf7f4a4af8676b7.jpg,1024,460,47,bushbean,59,32,15,27,0.5423728813559322,0.6808510638297872,0.6897119745612261,bushbean,0.65909857163995
plant_stand,212,1744111276499_jpg.rf.d94674b055f599b41060bc6d4ec9b8f0.jpg,768,1024,55,bushbean,49,41,14,8,0.8367346938775511,0.7454545454545455,0.7140082632434863,bushbean,0.72185523838413
plant_stand,213,1a4d3542-1f1b-4f14-83c5-d7e48dbf4548_jpg.rf.18f6114a3ffdc057d9232705ad526f7f.jpg,6288,3568,50,bushbean,52,30,20,22,0.5769230769230769,0.6,0.5820816399243047,bushbean,0.6632390715754949
plant_stand,214,ede50685-a65f-4474-8173-0291f6385feb_jpg.rf.94ac1919b6753ec306a0e311d1409d48.jpg,6992,3299,53,bushbean,54,46,7,8,0.8518518518518519,0.8679245283018868,0.6893570434415598,bushbean,0.7712948394042475
plant_stand,215,1751274088635_jpg.rf.2674d2346cde5e9242ccf6f1ad5d1cfd.jpg,768,1024,52,bushbean,47,29,23,18,0.6170212765957447,0.5576923076923077,0.6742920940310895,bushbean,0.7348239066752982
plant_stand,216,1707900870612_jpg.rf.2baef0058078e66b1eeae77c0ab40ed9.jpg,8176,2048,51,bushbean,53,41,10,12,0.7735849056603774,0.803921568627451,0.6879204259247904,bushbean,0.8091474456607171
plant_stand,217,1743238349048_jpg.rf.60bf5b7a6c5b56ff0b816fa859d68868.jpg,768,1024,8,bushbean,7,5,3,2,0.7142857142857143,0.625,0.6750985495082295,bushbean,0.7031874826976231
plant_stand,218,196ec374-b9bd-4acf-be28-f7ef79c55220_jpg.rf.c1b524c78106b298f4d075c54d98e3f7.jpg,7424,3600,85,bushbean,85,72,13,13,0.8470588235294118,0.8470588235294118,0.6969122337818914,bushbean,0.7272414852591121
plant_stand,219,1708419928970_jpg.rf.131ecf32562106b2e8dc38ac0bd83f88.jpg,4000,3000,41,bushbean,43,40,1,3,0.9302325581395349,0.975609756097561,0.8099468212844663,bushbean,0.8431808761385984
plant_stand,220,c570a7e9-5358-4164-a9db-0526b58fb6a9_jpg.rf.3563a01da3b93cd28eb0947b2da365ac.jpg,6736,3488,21,bushbean,26,14,7,12,0.5384615384615384,0.6666666666666666,0.7051324001798628,bushbean,0.6890253550731219
plant_stand,221,0a4d7390-0dde-42a1-a5ec-21e6fa4396ce_jpg.rf.db0bf2231fd10d24b37085512f9fc6c0.jpg,5920,3648,70,bushbean,0,0,70,0,,0.0,,,
plant_stand,222,1743843672197_jpg.rf.205cdd42c6bbdae4ec6ce5ae4a968d99.jpg,1024,1024,63,bushbean,60,52,11,8,0.8666666666666667,0.8253968253968254,0.7267310720613611,bushbean,0.7804874762892723
plant_stand,223,1742815040410_jpg.rf.941b96956dc145653004663a4a0e9196.jpg,768,1024,17,bushbean,14,8,9,6,0.5714285714285714,0.47058823529411764,0.6841238170993826,bushbean,0.7042197095496314
plant_stand,224,1743054599681_jpg.rf.fc1455e0e885e0d35bd6fbf9bb142e39.jpg,768,1024,68,bushbean,57,39,29,18,0.6842105263157895,0.5735294117647058,0.6879264447433778,bushbean,0.7260101416654754
plant_stand,225,1743403787390_jpg.rf.75c2ae0efb60e76b73a2581e3b72fc37.jpg,1024,576,31,bushbean,28,17,14,11,0.6071428571428571,0.5483870967741935,0.6511080807299373,bushbean,0.6778961100748607
plant_stand,226,1743578846001_jpg.rf.342ea0a6cbe5de3823b6ffd3468b99af.jpg,1024,768,47,bushbean,44,35,12,9,0.7954545454545454,0.7446808510638298,0.7182955263741982,bushbean,0.791046217083931
plant_stand,227,6da687fd-d5ad-48a6-8ec7-094875965f41_jpg.rf.cb1fb18c123f52d2a6aea71eb9d21b75.jpg,7648,3696,62,bushbean,58,51,11,7,0.8793103448275862,0.8225806451612904,0.675436034515528,bushbean,0.7739027142524719
plant_stand,228,935a7420-3714-4fc8-83f3-43a7c6ee1db8_jpg.rf.506bbd622e7b810bd20e2ce18210c9e1.jpg,7024,3648,84,bushbean,91,84,0,7,0.9230769230769231,1.0,0.7563037656765195,bushbean,0.7501256685335558
plant_stand,229,d59094cf-8c1b-4b11-a9cf-0dc05f8e3fc9_jpg.rf.7ce2462ea38564603c337d1287700b43.jpg,7568,3408,53,bushbean,53,48,5,5,0.9056603773584906,0.9056603773584906,0.7086793252220097,bushbean,0.748631624680645
plant_stand,230,ef9f42a7-978f-4c44-82fc-6ad9d0b89ec1_jpg.rf.42a19f73c0a150e0bfedb7528a757b63.jpg,8064,3760,90,bushbean,88,83,7,5,0.9431818181818182,0.9222222222222223,0.730940212345843,bushbean,0.7724893523210828
plant_stand,231,1a96d180-a52d-4196-a265-973972adaba0_jpg.rf.0eca8b5941924656a3c971a9b7ad5b99.jpg,7104,3504,101,bushbean,105,85,16,20,0.8095238095238095,0.8415841584158416,0.7114797377311751,bushbean,0.7004252646650587
plant_stand,232,d7ecc952-d1fa-4928-869e-287b42925649_jpg.rf.7a45565aa55687bb5aa3948e4fd7a00e.jpg,7872,3760,90,bushbean,92,76,14,16,0.8260869565217391,0.8444444444444444,0.722824417019365,bushbean,0.709484747570494
plant_stand,233,893b2e11-826b-49ed-a80e-a844a3e59e91_jpg.rf.aa0a6381abd24b84a1e471946cb561de.jpg,7760,3680,102,bushbean,107,91,11,16,0.8504672897196262,0.8921568627450981,0.6975351152838096,bushbean,0.747761575418098
plant_stand,234,1743764824892_jpg.rf.2201dbcb6d8f9685342f09b32918c8b4.jpg,768,1024,42,bushbean,47,37,5,10,0.7872340425531915,0.8809523809523809,0.6909022851452047,bushbean,0.6677348689830049
plant_stand,235,1743575353949_jpg.rf.8ceb3bd1feab8042e5d43f7a0e9a8a27.jpg,768,1024,20,bushbean,31,17,3,14,0.5483870967741935,0.85,0.6430917313050805,bushbean,0.6492399938644902
plant_stand,236,1743147911711_jpg.rf.b217e7c3ebed213d66c9a52f0463585a.jpg,765,1020,53,bushbean,51,30,23,21,0.5882352941176471,0.5660377358490566,0.6850467488556556,bushbean,0.7001233691093969
plant_stand,237,1743581015072_jpg.rf.6081cbe6aa3679f36d1ce77230e6f162.jpg,1024,768,35,bushbean,32,17,18,15,0.53125,0.4857142857142857,0.740838125191721,bushbean,0.7134061232209206
plant_stand,238,2c70d1d2-9c4d-46f4-a3e2-6a9e2ab51a8b_jpg.rf.b509d35dcae5053aff4c67ad324b2e77.jpg,7472,3776,78,bushbean,85,60,18,25,0.7058823529411765,0.7692307692307693,0.6740550291028888,bushbean,0.7492134536013884
plant_stand,239,moment_2_socioconomic_8914baf2-a7d7-4106-84f3-5d831f23c56c_1712309488829_jpg.rf.edcd1535cca5400af9f4936e66e4fc25.jpg,3120,4160,53,bushbean,29,10,43,19,0.3448275862068966,0.18867924528301888,0.663820257629251,bushbean,0.6049072845228787
plant_stand,240,a673c4ce-a03b-4ed5-8e09-f6a09f62dcdb_jpg.rf.0d26e1a3784458b31515610a0b7243f4.jpg,6416,3440,89,bushbean,58,29,60,29,0.5,0.3258426966292135,0.5977750639503207,bushbean,0.6224274296185066
plant_stand,241,1707472309535_jpg.rf.966e97bf246201d6824182edd911e67d.jpg,7632,2384,62,bushbean,63,46,16,17,0.7301587301587301,0.7419354838709677,0.6488610377914343,bushbean,0.772235613966745
plant_stand,242,1707820624933_jpg.rf.69cf54bd1ceabcd419de4b4d69f55c68.jpg,4064,3048,26,bushbean,16,11,15,5,0.6875,0.4230769230769231,0.6875803165586424,bushbean,0.8885046020150185
plant_stand,243,1743404288202_jpg.rf.2645ffd5f7debcbe4c7d040e42844760.jpg,1024,576,30,bushbean,19,15,15,4,0.7894736842105263,0.5,0.6138281392849294,bushbean,0.6638472974300385
plant_stand,244,1743516098985_jpg.rf.62bdadd0e5856e5629a8ede8a8d61f69.jpg,768,1024,10,bushbean,20,2,8,18,0.1,0.2,0.5777863169010726,bushbean,0.595915424823761
plant_stand,245,1743518418712_jpg.rf.c763a2f32dc56bed9a6faa5ba95aa834.jpg,768,1024,32,bushbean,20,16,16,4,0.8,0.5,0.6275422701511943,bushbean,0.6117696180939675
plant_stand,246,1707730863828_jpg.rf.4562f9581389d84b66af03ed162260a3.jpg,3000,4000,36,bushbean,36,33,3,3,0.9166666666666666,0.9166666666666666,0.707823646918015,bushbean,0.8251930508348677
plant_stand,247,50bcdd8f-93a2-4efd-a927-03438ec68630_jpg.rf.4d980ef26bed995c759fa279b6edc6e5.jpg,7712,3328,86,bushbean,77,69,17,8,0.8961038961038961,0.8023255813953488,0.7456081266994364,bushbean,0.7670049497059414
plant_stand,248,dfe48b42-6809-4eaa-a7ad-19cc243930c9_jpg.rf.6483567090def4220c0f4e3426ac3c4e.jpg,7408,3632,17,bushbean,18,15,2,3,0.8333333333333334,0.8823529411764706,0.7010717019872879,bushbean,0.773137585984336
plant_stand,249,924ea778-34e7-4d3d-8008-9e4b8976138a_jpg.rf.2af6cc3aa5e7f9e4f9feeb4bf9d92ec9.jpg,7504,3488,44,bushbean,55,41,3,14,0.7454545454545455,0.9318181818181818,0.6574663937751555,bushbean,0.7249588191509246
plant_stand,250,1a8c7e89-da03-409f-b0e0-3f35d55bcf63_jpg.rf.689691c10aca87ee64d870770a4fd455.jpg,5936,3600,100,bushbean,105,92,8,13,0.8761904761904762,0.92,0.7564472115572594,bushbean,0.8086327952998025
plant_stand,251,1742826686116_jpg.rf.d07bcf773c1e55772229dfb274049bdc.jpg,1024,768,35,bushbean,33,25,10,8,0.7575757575757576,0.7142857142857143,0.7281717395729826,bushbean,0.7401676042513414
plant_stand,252,1744892814661_jpg.rf.c918f504bc132a5a705259844eb70752.jpg,768,1024,63,bushbean,69,56,7,13,0.8115942028985508,0.8888888888888888,0.7909760310364184,bushbean,0.7363287866979406
plant_stand,253,1707472489378_jpg.rf.b6a05ff55731e96011f0ba53352dee4c.jpg,5789,1780,105,bushbean,110,100,5,10,0.9090909090909091,0.9523809523809523,0.692320251108875,bushbean,0.7633052704009142
plant_stand,254,4973cc2f-d665-4813-9835-09cb3415f09e_jpg.rf.7d3560a0d458aeb4e274e9b233d5e416.jpg,7952,3712,91,bushbean,100,74,17,26,0.74,0.8131868131868132,0.7023926783237553,bushbean,0.706828599870205
plant_stand,255,a265d475-fa36-4b56-8b27-588eb99fde5d_jpg.rf.b80583130f172be1ffff7e78ac19dc7c.jpg,6512,3568,105,bushbean,124,94,11,30,0.7580645161290323,0.8952380952380953,0.7852999559245611,bushbean,0.7633158360277453
plant_stand,256,0f7ab1b1-133e-4753-a9e2-9587e5674eb0_jpg.rf.b8f467cda7881a7ac8baa526a851e324.jpg,6032,3408,98,bushbean,94,81,17,13,0.8617021276595744,0.826530612244898,0.7931946274510165,bushbean,0.7521840990223783
plant_stand,257,1707820470903_jpg.rf.5347aa1e99d34fe0bee9d8474e38a6e5.jpg,4064,3048,13,bushbean,13,13,0,0,1.0,1.0,0.8093481005160219,bushbean,0.866531660923591
plant_stand,258,1743517363953_jpg.rf.a775477f25f778bf6fc4331d1d44cfb4.jpg,460,1024,19,bushbean,26,19,0,7,0.7307692307692307,1.0,0.7641785531752601,bushbean,0.7629981281665655
plant_stand,259,1743164745972_jpg.rf.712b66daec3123574b1174d57588f3ab.jpg,1024,768,36,bushbean,39,35,1,4,0.8974358974358975,0.9722222222222222,0.7746098793698668,bushbean,0.7266369790602953
plant_stand,260,1743162455540_jpg.rf.da468f76b6e77f513bc9057d9e256800.jpg,1024,768,52,bushbean,55,45,7,10,0.8181818181818182,0.8653846153846154,0.6734475482395615,bushbean,0.7743250619281422
plant_stand,261,2d0c6e08-845e-43c1-b09b-f7b0b6d19da7_jpg.rf.bc779da381ce9b083838e1df71bd5f35.jpg,6320,3344,137,bushbean,133,105,32,28,0.7894736842105263,0.7664233576642335,0.6717399148455588,bushbean,0.6909246563463283
plant_stand,262,moment_2_socioconomic_40fc2ac2-e245-4ba4-a2b9-e7900127081b_1712833061090_jpg.rf.2054705f8a9456ab758dae3aa043614e.jpg,3072,4080,66,bushbean,61,43,23,18,0.7049180327868853,0.6515151515151515,0.6719095207004957,bushbean,0.7168747816906601
plant_stand,263,moment_2_socioconomic_20240405_40866f0e-6550-48bc-bcb0-1971ca400199_1714745741714_jpg.rf.c6237e80efa8c303006dd304e273edf4.jpg,3120,4160,37,bushbean,34,25,12,9,0.7352941176470589,0.6756756756756757,0.7032605425260499,bushbean,0.6409643432673287
plant_stand,264,0d0203c5-0466-4bfb-a3e1-7402b1fc9749_jpg.rf.ca8824f165c438bed90c7c3632477b87.jpg,5746,3504,64,bushbean,58,44,20,14,0.7586206896551724,0.6875,0.741259345163574,bushbean,0.7442089802232282
plant_stand,265,a130ee99-767a-4ef4-9cbd-c62e261f2c20_jpg.rf.a1e1bcbea1299dfd4ef0b487fc4eb29a.jpg,6496,3632,108,bushbean,103,89,19,14,0.8640776699029126,0.8240740740740741,0.7412184251638373,bushbean,0.7370397908595002
plant_stand,266,1743488073753_jpg.rf.f734b2e64c04a7d47a7e31006b6b4598.jpg,768,1024,36,bushbean,37,21,15,16,0.5675675675675675,0.5833333333333334,0.6968236391860101,bushbean,0.7195354224862279
plant_stand,267,1707730074402_jpg.rf.76b714a80281023daacc73db962bc41c.jpg,1932,2576,30,bushbean,30,25,5,5,0.8333333333333334,0.8333333333333334,0.7275771140566498,bushbean,0.8240454196929932
plant_stand,268,1707384003861_jpg.rf.025e8b9b6bc8ac4c9aa77939c4cfd4e5.jpg,8062,2384,61,bushbean,76,54,7,22,0.7105263157894737,0.8852459016393442,0.7120351039017764,bushbean,0.6370168128295949
plant_stand,269,0c314e7f-db03-454e-8b41-8f4f09f314bb_jpg.rf.f317ba1b49e32dfeab19a5b5bd140fdc.jpg,5360,3015,75,bushbean,83,66,9,17,0.7951807228915663,0.88,0.7294411726436474,bushbean,0.8102141399699522
plant_stand,270,moment_2_socioconomic_d943dfc6-7cdc-4ef5-bdb9-785dc99dc623_1712207010821_jpg.rf.79503c02722aef5b1cf85f04bd7ed72f.jpg,2448,3264,90,bushbean,74,56,34,18,0.7567567567567568,0.6222222222222222,0.7028367311952676,bushbean,0.7181713210569846
plant_stand,271,1744182656249_jpg.rf.6f18be2aef2785d9e1ed4e037f26869d.jpg,768,1024,56,bushbean,49,26,30,23,0.5306122448979592,0.4642857142857143,0.6746361817598037,bushbean,0.6845917342876902
plant_stand,272,1743401740657_jpg.rf.87a61b81f0f2d2a6c1834a7df22a64e5.jpg,1024,768,20,bushbean,16,8,12,8,0.5,0.4,0.679782568617743,bushbean,0.6385489255189896
plant_stand,273,1743576118134_jpg.rf.2bdf3f31ecfda39ede3863eb715542f8.jpg,1024,1024,44,bushbean,47,34,10,13,0.723404255319149,0.7727272727272727,0.6814299924696275,bushbean,0.734877051191127
plant_stand,274,1743765185624_jpg.rf.ba3fc530a5ee191dca3edb9c6d72ef47.jpg,768,1024,39,bushbean,46,17,22,29,0.3695652173913043,0.4358974358974359,0.6018837984626851,bushbean,0.6789496690034866
plant_stand,275,1743402559636_jpg.rf.1c34eb55bb62546ad7878c06f80d9c7a.jpg,1024,576,33,bushbean,30,21,12,9,0.7,0.6363636363636364,0.7324141176213443,bushbean,0.7026078293720881
plant_stand,276,e6d6ec4a-0bcf-414c-87e3-f538cd1d50cc_jpg.rf.19ce0abf3d985f5edd26925cca9a6110.jpg,6880,3408,65,bushbean,73,51,14,22,0.6986301369863014,0.7846153846153846,0.7039478410420077,bushbean,0.7041315734386444
plant_stand,277,1707381076735_jpg.rf.cd2fba23b7a2818a949dced42ecf8857.jpg,9216,2256,48,bushbean,48,27,21,21,0.5625,0.5625,0.5943014760834073,bushbean,0.7527000370124975
plant_stand,278,1707731198072_jpg.rf.59824e054e77eee9d62767db9b7980ed.jpg,3000,4000,45,bushbean,46,45,0,1,0.9782608695652174,1.0,0.7958819545356369,bushbean,0.8433032094136529
plant_stand,279,1d38697f-9020-4c07-8afd-936d67a386a7_jpg.rf.a1e19d175b2e0c19747e38cb0a458633.jpg,5417,3506,101,bushbean,110,96,5,14,0.8727272727272727,0.9504950495049505,0.7178538885941426,bushbean,0.7860473703254353
plant_stand,280,1a06674b-34ba-41f6-a1ee-47ce28b99689_jpg.rf.b1520307576eb12bf7c0ee778bf6ebf5.jpg,5929,3155,92,bushbean,83,78,14,5,0.9397590361445783,0.8478260869565217,0.7751885184997941,bushbean,0.7412556557052107
plant_stand,281,1743142662695_jpg.rf.ab6f5e6a64451a070c6dfc53997e3389.jpg,768,1024,26,bushbean,29,14,12,15,0.4827586206896552,0.5384615384615384,0.6533922270633804,bushbean,0.6608976742316937
plant_stand,282,1743863174380_jpg.rf.99d923b60909fb34134c3be8340fa8ab.jpg,768,1024,60,bushbean,45,34,26,11,0.7555555555555555,0.5666666666666667,0.7338882918698185,bushbean,0.6911364648077223
plant_stand,283,1743761222781_jpg.rf.95e7c96d7eaa87e77d5d42b074157dbc.jpg,1024,1024,51,bushbean,55,16,35,39,0.2909090909090909,0.3137254901960784,0.5837595104802095,bushbean,0.7405656722458926
plant_stand,284,26aded1e-d718-46a9-b2ef-c224412cacd0_jpg.rf.13f4daca60fcf5bbbd804bccb1d194d4.jpg,7504,3328,24,bushbean,26,19,5,7,0.7307692307692307,0.7916666666666666,0.658188055770441,bushbean,0.6936144691247207
plant_stand,285,1707822105577_jpg.rf.b39a51e3db1602067f584540f3cf1a69.jpg,4080,3060,20,bushbean,21,20,0,1,0.9523809523809523,1.0,0.8246118091121281,bushbean,0.7901095946629842
plant_stand,286,1744022189573_jpg.rf.1c257660047dbd428fd059c519845f6a.jpg,1024,768,35,bushbean,48,33,2,15,0.6875,0.9428571428571428,0.713127588819375,bushbean,0.7451636691888174
plant_stand,287,1707729813410_jpg.rf.f4d9b1b7f62aa924cff32c706b62bbc9.jpg,1932,2576,26,bushbean,26,22,4,4,0.8461538461538461,0.8461538461538461,0.7841196354534563,bushbean,0.7315235733985901
plant_stand,288,1742813831535_jpg.rf.f8bdc3d65cb42c34dafa5989a08e85e7.jpg,768,1024,44,bushbean,41,9,35,32,0.21951219512195122,0.20454545454545456,0.5591568903320586,bushbean,0.7241751784231605
plant_stand,289,1743163128554_jpg.rf.94e20f3d369e0539ec67a1e114a53af8.jpg,1024,768,31,bushbean,27,17,14,10,0.6296296296296297,0.5483870967741935,0.6470745212879109,bushbean,0.6658731213322392
plant_stand,290,ada7178b-a450-4d37-8b74-66c565eb120d_jpg.rf.6f87a1b9e46eff8be2bd15ee4f1f1833.jpg,7504,3488,68,bushbean,66,54,14,12,0.8181818181818182,0.7941176470588235,0.7575374458409501,bushbean,0.7216679598345901
plant_stand,291,cfbd587b-0699-446d-929d-17452c1e0090_jpg.rf.8fa477e950b8a9dfec9998a0c635ef8d.jpg,7312,3872,90,bushbean,86,62,28,24,0.7209302325581395,0.6888888888888889,0.6849992242096288,bushbean,0.7663900266553081
plant_stand,292,0df2ee43-69e6-4543-aee5-b4b4ea32a904_jpg.rf.cb93a661db00402351fc12c7e109500a.jpg,6576,3520,5,bushbean,9,0,5,9,0.0,0.0,,bushbean,0.5485454532835219
plant_stand,293,1743320579409_jpg.rf.0340de7490d2c6af2648da4512c21030.jpg,765,1020,37,bushbean,46,23,14,23,0.5,0.6216216216216216,0.6999599300455589,bushbean,0.64571060564207
plant_stand,294,1744964570131_jpg.rf.b5f402b8d556d6afbdd7fbf1d2a255d5.jpg,768,1024,63,bushbean,57,44,19,13,0.7719298245614035,0.6984126984126984,0.7194518676084308,bushbean,0.6859263369911596
plant_stand,295,1746884566703_jpg.rf.a2e512317550e6e6da8bf8b3f50479e2.jpg,1024,1024,52,bushbean,49,14,38,35,0.2857142857142857,0.2692307692307692,0.6026300308026488,bushbean,0.649868478580397
plant_stand,296,a941415a-f37c-484a-98b4-497a86ab0be6_jpg.rf.e425ca9a724bc231a1a6dc5f061d87c2.jpg,6048,3616,65,bushbean,47,34,31,13,0.723404255319149,0.5230769230769231,0.7346676697424127,bushbean,0.7118138429966379
plant_stand,297,1707901095040_jpg.rf.3d05da2b2ee1c57d83dbcb855eb2b152.jpg,6449,2255,72,bushbean,72,70,2,2,0.9722222222222222,0.9722222222222222,0.736129049108722,bushbean,0.7854852225217555
plant_stand,298,aa2521ce-588c-408d-bc07-0c78d93ca2af_jpg.rf.a70047d5494d381868cffba8ec8f6272.jpg,6000,3313,109,bushbean,101,93,16,8,0.9207920792079208,0.8532110091743119,0.7547203876397978,bushbean,0.7721584861231322
plant_stand,299,1707383473797_jpg.rf.18e0d24e3bdd182b8724bb0d3b5f9cca.jpg,7736,2173,45,bushbean,48,43,2,5,0.8958333333333334,0.9555555555555556,0.7420886585223261,bushbean,0.8163369099299113
plant_stand,300,1707898468745_jpg.rf.219bef7bbee2e92ab44e131e0b52ec43.jpg,5696,2432,106,bushbean,109,90,16,19,0.8256880733944955,0.8490566037735849,0.750534947198655,bushbean,0.7345287160042229
plant_stand,301,1707382556182_jpg.rf.eb586aa565ad24d701e974799bcd4295.jpg,3007,789,91,bushbean,92,84,7,8,0.9130434782608695,0.9230769230769231,0.6736340639093397,bushbean,0.7648819889063421
plant_stand,302,1743146808015_jpg.rf.49cd1a7c5237bdbe06fa1cf299e6b70a.jpg,768,1024,67,bushbean,54,41,26,13,0.7592592592592593,0.6119402985074627,0.7087442665780916,bushbean,0.6695849398771921
plant_stand,303,1743404074923_jpg.rf.c47a6fe90d1b002308782015424972e8.jpg,1024,576,38,bushbean,28,13,25,15,0.4642857142857143,0.34210526315789475,0.5996732359941866,bushbean,0.6493579830442157
plant_stand,304,349cfb48-b7ee-4f18-b2c5-310f3a929d46_jpg.rf.9278f1e737e76ccd11688fad12f03fbf.jpg,6912,3305,56,bushbean,55,44,12,11,0.8,0.7857142857142857,0.7179737330270798,bushbean,0.7572072408416054
plant_stand,305,a90e3c06-f8bf-4b27-837a-b6379722151a_jpg.rf.5d2b45d05af6b7653610e73d2bf78d1c.jpg,5475,3238,104,bushbean,99,82,22,17,0.8282828282828283,0.7884615384615384,0.7401018882579142,bushbean,0.7245165395616281
plant_stand,306,moment_2_socioconomic_2c48444a-694d-439d-9c13-da49008a5c0e_1712239672249_jpg.rf.02f94d04b0bbc65fae816b5da38813cd.jpg,3048,4064,18,bushbean,22,16,2,6,0.7272727272727273,0.8888888888888888,0.7209174027640392,bushbean,0.6948443989862095
plant_stand,307,moment_2_socioconomic_20240405_e838f77c-d2bf-488f-97a5-094adcc725d2_1712985629769_jpg.rf.46ed6dca20228f11e0669c5535dbc75f.jpg,3120,4160,37,bushbean,42,27,10,15,0.6428571428571429,0.7297297297297297,0.7450346777819682,bushbean,0.7348415929646719
plant_stand,308,1707901467046_jpg.rf.a781af81cd7af6f2f01be3c31a5fea89.jpg,6214,2656,81,bushbean,81,68,13,13,0.8395061728395061,0.8395061728395061,0.7249921346047231,bushbean,0.751637891486839
plant_stand,309,0a0179cc-a493-4e51-83de-cc40798022e2_jpg.rf.aa0c8965e01cebfe4643e67b807230d6.jpg,6144,3096,67,bushbean,79,57,10,22,0.7215189873417721,0.8507462686567164,0.726485604427303,bushbean,0.7955638585211355
plant_stand,310,6eabcc93-2300-41e9-a95d-c9b83e67f311_jpg.rf.6ac93d007384f7551bc6970f46cdf5a4.jpg,7632,3728,78,bushbean,73,59,19,14,0.8082191780821918,0.7564102564102564,0.6622162118770495,bushbean,0.7399678793672013
plant_stand,311,2c123a63-5937-4575-a7d5-66de80f28a3b_jpg.rf.b6f7430d09231f1a4eb1700c710c58c0.jpg,6368,3504,27,bushbean,25,23,4,2,0.92,0.8518518518518519,0.7254535278517811,bushbean,0.7853121662139892
plant_stand,312,d283a5fe-d6ec-41c0-82ad-d11974852c2a_jpg.rf.f41a4077a1e6e4697607389bd4727cab.jpg,7408,3584,61,bushbean,62,51,10,11,0.8225806451612904,0.8360655737704918,0.7159441874124505,bushbean,0.7746950647523326
plant_stand,313,c6b7c967-f9ff-4e7b-8cac-4cc03d72463d_jpg.rf.2972fe61ec147fa71f7606db359d49be.jpg,6992,3329,72,bushbean,65,53,19,12,0.8153846153846154,0.7361111111111112,0.7074418792925055,bushbean,0.7887722602257362
plant_stand,314,0518d747-e61a-4e5c-b934-b543019803a6_jpg.rf.1543ea7bc99922c356df6efbcc069b93.jpg,7152,3059,72,bushbean,77,63,9,14,0.8181818181818182,0.875,0.704517885835642,bushbean,0.7027564718351735
plant_stand,315,1708588256201_jpg.rf.fced2c2fa1a188876db9ace7cb624f26.jpg,3000,4000,27,bushbean,49,26,1,23,0.5306122448979592,0.9629629629629629,0.7505887546278479,bushbean,0.6769403949075815
plant_stand,316,1c07a0b6-5c1e-4c4a-8909-cf4cd8f9d9f7_jpg.rf.8a162c81e3d106c392c1b366a3ea0896.jpg,5835,3126,115,bushbean,98,80,35,18,0.8163265306122449,0.6956521739130435,0.7133739838850628,bushbean,0.7526566492659705
plant_stand,317,1743163813096_jpg.rf.c3dd62baeb769484138d8988ac6e90fe.jpg,1024,768,33,bushbean,32,26,7,6,0.8125,0.7878787878787878,0.7030702347281657,bushbean,0.646948991343379
plant_stand,318,1fa1f7e4-0f2b-485f-8165-3e552017049e_jpg.rf.05eeea3381291dba970c477388eb102c.jpg,6592,3760,38,bushbean,30,16,22,14,0.5333333333333333,0.42105263157894735,0.5685244299980687,bushbean,0.5834920207659403
plant_stand,319,1743758736776_jpg.rf.6188e2daf570a37d1ca06d2ab4b11cdf.jpg,1024,1024,45,bushbean,41,38,7,3,0.926829268292683,0.8444444444444444,0.6928463170312521,bushbean,0.778123165049204
plant_stand,320,1707729073540_jpg.rf.e5be2c71d6905a4bf67e1d9cc8cbd0a0.jpg,3000,4000,48,bushbean,50,45,3,5,0.9,0.9375,0.7464323547457397,bushbean,0.7997002238035202
plant_stand,321,1743402970519_jpg.rf.0537c3820a078a1139fec66f9e6473ab.jpg,1024,768,25,bushbean,20,10,15,10,0.5,0.4,0.6451887414188313,bushbean,0.6685857400298119
plant_stand,322,7e2910a6-c085-4cee-88fd-c3f675e45e7c_jpg.rf.a92b7c3ddcb34b2ff5946106ddfc70d3.jpg,7280,3472,102,bushbean,99,79,23,20,0.797979797979798,0.7745098039215687,0.6819997380874121,bushbean,0.7388538435252026
plant_stand,323,61a3ff32-b8d3-4f61-9a02-63aba7cf0a2d_jpg.rf.5caf2b6ade054a4d4ec4e0220cd9d004.jpg,3552,7792,78,bushbean,73,50,28,23,0.684931506849315,0.6410256410256411,0.6482318156638464,bushbean,0.7115505060104474
plant_stand,324,a2272527-c5e7-4591-bc97-b81fcacc6e28_jpg.rf.fb954df23413efc2ac38b82c6d68bfbc.jpg,5824,3472,42,bushbean,36,31,11,5,0.8611111111111112,0.7380952380952381,0.7126434784126808,bushbean,0.734815148015817
plant_stand,325,1743402533583_jpg.rf.91f98172afc64d60ba1a9405b0a281d5.jpg,1024,768,49,bushbean,43,28,21,15,0.6511627906976745,0.5714285714285714,0.7204850550689808,bushbean,0.6965053996374441
plant_stand,326,1742814899427_jpg.rf.9a2d4f3e654215b817bd441470ccc018.jpg,768,1024,20,bushbean,21,3,17,18,0.14285714285714285,0.15,0.5336662954893739,bushbean,0.6668680551506224
plant_stand,327,1743162295432_jpg.rf.815e88a692b353de0064afb71a2276ad.jpg,1024,768,42,bushbean,45,34,8,11,0.7555555555555555,0.8095238095238095,0.7551818722689512,bushbean,0.7562116550074683
plant_stand,328,0b9cd063-1b6e-46e3-97cf-1728ce9ea236_jpg.rf.e1bdfc31c4e458caa0dee07f726ee1b8.jpg,5224,3125,27,bushbean,61,18,9,43,0.29508196721311475,0.6666666666666666,0.5956900137443126,bushbean,0.5602417915570931
plant_stand,329,0fa7c97b-22c5-4cc5-aab1-3559e78a2cb1_jpg.rf.73027fa158b71f2f39daa6b9ba543b99.jpg,5984,3680,7,bushbean,5,3,4,2,0.6,0.42857142857142855,0.6173150313412962,bushbean,0.43776830434799197
plant_stand,330,a091e253-81fa-48b0-92ce-df86fd844ee9_jpg.rf.7bc3c63de116190de4d527d9d76f147a.jpg,6096,3280,78,bushbean,88,66,12,22,0.75,0.8461538461538461,0.7050332838181053,bushbean,0.7478632825342092
plant_stand,331,2bdf1589-7b72-4e2a-ab99-2f86312e879e_jpg.rf.73027cf327d2ff1d8f54bd69acfbab70.jpg,6480,3152,25,bushbean,3,0,25,3,0.0,0.0,,bushbean,0.4431189000606537
plant_stand,332,1743779713948_jpg.rf.afe411e1b8caeaf65bbd2092567d5af1.jpg,768,1024,11,bushbean,8,6,5,2,0.75,0.5454545454545454,0.5737459748184959,bushbean,0.6517608650028706
plant_stand,333,4f7e42ce-3b11-4277-a35c-2486926be358_jpg.rf.b26a6426b75ae28536662d860ab8fcf4.jpg,7264,3360,101,bushbean,91,82,19,9,0.9010989010989011,0.8118811881188119,0.6925201768836412,bushbean,0.7692900673373715
plant_stand,334,1cdbd72b-76a1-4334-8b7d-dfefa6c5e343_jpg.rf.1d3a5597229037404e38d1417b77ee47.jpg,6544,3744,112,bushbean,112,84,28,28,0.75,0.75,0.7137611723335178,bushbean,0.7274229545146227
plant_stand,335,moment_2_socioconomic_5fd0c9d2-e585-4d9d-b779-6087e64b5462_1713167587454_jpg.rf.e15461a0c302f8214258c78fe3067253.jpg,3120,4160,82,bushbean,60,33,49,27,0.55,0.4024390243902439,0.7438716893012517,bushbean,0.6712992365161577
plant_stand,336,a80b45ba-53c5-481f-a375-29a25e9d8dfd_jpg.rf.32c6094a49e282f16ae4f000a786a8cb.jpg,3918,2974,64,bushbean,63,56,8,7,0.8888888888888888,0.875,0.7354611453458288,bushbean,0.7778693929551139
plant_stand,337,moment_2_socioconomic_20240405_50d941cb-db88-4985-9c18-ceaef5d467cf_1714732773352_jpg.rf.2cc50a42029bfc51baa60fe221c54237.jpg,3120,4160,40,bushbean,36,26,14,10,0.7222222222222222,0.65,0.7169507999975503,bushbean,0.6980511281225417
plant_stand,338,moment_2_socioconomic_20240405_c36575c4-d778-4553-a595-174a473b3e61_1714902584375_jpg.rf.4da5c842f5ca979cf19cb9c0596007a8.jpg,3120,4160,35,bushbean,40,28,7,12,0.7,0.8,0.7361293350559218,bushbean,0.6918272458016872
plant_stand,339,2c7502dc-5a89-40f8-82bf-529961fa6f2d_jpg.rf.5ecb6b07f28aafd1be0e957e4700dfe3.jpg,6672,3536,52,bushbean,24,9,43,15,0.375,0.17307692307692307,0.5554890221966717,bushbean,0.5670085089902083
plant_stand,340,1707900487824_jpg.rf.16e0fb0b40e9518b1f0f492a85d11799.jpg,7856,2512,69,bushbean,70,66,3,4,0.9428571428571428,0.9565217391304348,0.7791673897792951,bushbean,0.792268306016922
plant_stand,341,c5e34123-2fd3-4592-84fd-a2f8f9a060aa_jpg.rf.8a383b7aa38893046273b68500ae970e.jpg,7488,3696,80,bushbean,78,54,26,24,0.6923076923076923,0.675,0.7024198867836988,bushbean,0.7283114282748638
plant_stand,342,6669b386-dabc-4e19-a17a-a388ca6664b0_jpg.rf.8e5f5a1e0c1b99a3a8a8f8ddc94143a5.jpg,7696,3696,27,bushbean,26,17,10,9,0.6538461538461539,0.6296296296296297,0.6906469625369596,bushbean,0.7489105394253364
plant_stand,343,7bb8d4c0-23ce-4cbd-bc0d-c621fae0fbe7_jpg.rf.05042e92a09f8559b1bce55c80470075.jpg,7792,3392,91,bushbean,99,86,5,13,0.8686868686868687,0.945054945054945,0.7271825363560199,bushbean,0.7605613313540064
