task,image_id,image_name,width,height,gt_count,gt_classes,astra_n_pred,astra_n_both,astra_n_only_gt,astra_n_only_pred,astra_precision_iou50,astra_recall_iou50,astra_mean_matched_iou,astra_pred_classes,astra_mean_score,custom_n_pred,custom_n_both,custom_n_only_gt,custom_n_only_pred,custom_precision_iou50,custom_recall_iou50,custom_mean_matched_iou,custom_pred_classes,custom_mean_score
flowers,16,FL-B-v2_REP_0217_jpg.rf.70992d67788ea3242b9906522e04f83d.jpg,3060,4080,14,"Flower-closed,Flower-fallen,Flower-open,Plant-Bean",0,0,14,0,,0.0,,,,9,9,5,0,1.0,0.6428571428571429,0.7935151005149776,"Flower-closed,Flower-open,Plant-Bean",0.754371788766649
flowers,144,FL-B-v2_REP_0014_jpg.rf.cf0b7601514fc9839105e8e01c2c007a.jpg,3468,4624,13,"Flower-closed,Flower-open,Plant-Bean",10,6,7,4,0.6,0.46153846153846156,0.7976658484262217,"Flower-closed,Flower-open,Plant-Bean",1.0,7,7,6,0,1.0,0.5384615384615384,0.8536015581828937,"Flower-closed,Flower-open,Plant-Bean",0.7841190227440425
flowers,151,FL-B-v2_CHAL_0115_jpg.rf.fbad1eac9111e602ea57b135cc67d422.jpg,1440,1920,3,"Flower-closed,Plant-Bean",0,0,3,0,,0.0,,,,2,0,3,2,0.0,0.0,,"Flower-closed,Flower-fallen",0.5340456664562225
flowers,180,FL-B-v2_CHAL_0048_jpg.rf.fd902308e317cd1073e55e05501d3dba.jpg,3060,4080,14,"Flower-closed,Flower-dry,Flower-fallen,Flower-open,Plant-Bean",9,3,11,6,0.3333333333333333,0.21428571428571427,0.7034420964138602,"Flower-closed,Flower-dry,Flower-open,Plant-Bean",1.0,11,9,5,2,0.8181818181818182,0.6428571428571429,0.8132860290400175,"Flower-closed,Flower-fallen,Flower-open,Plant-Bean",0.704350390217521
flowers,203,FL-B-v2_REP_0319_jpg.rf.ba5e7b49a5e8a7629a879efeb8d714f3.jpg,1440,1920,17,"Flower-closed,Flower-fallen,Flower-open,Plant-Bean",13,5,12,8,0.38461538461538464,0.29411764705882354,0.7638942440980807,"Flower-closed,Flower-open,Plant-Bean",1.0,6,4,13,2,0.6666666666666666,0.23529411764705882,0.8193263770469561,"Flower-closed,Flower-fallen,Flower-open,Plant-Bean",0.6028115103642145
flowers,314,FL-B-v2_REP_0310_jpg.rf.deda3e2c166ae89120a69cdf5967b2e0.jpg,1440,1920,11,"Flower-closed,Flower-open,Plant-Bean",7,4,7,3,0.5714285714285714,0.36363636363636365,0.8241669580018375,"Flower-closed,Flower-open,Plant-Bean",1.0,4,3,8,1,0.75,0.2727272727272727,0.7533169672031254,"Flower-open,Plant-Bean",0.7678631693124771
flowers,330,FL-B-v2_REP_0283_jpg.rf.a341707ac4da11e6312435b6983aeb52.jpg,1440,1920,42,"Flower-closed,Flower-dry,Flower-fallen,Flower-open,Plant-Bean",21,8,34,13,0.38095238095238093,0.19047619047619047,0.6422421029657617,"Flower-closed,Flower-open,Plant-Bean",1.0,20,11,31,9,0.55,0.2619047619047619,0.815288406803614,"Flower-closed,Flower-fallen,Flower-open,Plant-Bean",0.6367241442203522
flowers,366,FL-B-v2_REP_0110_jpg.rf.1809fb4eaa563cfaefe9a96c2f469fd2.jpg,3060,4080,15,"Flower-closed,Flower-dry,Flower-fallen,Flower-open,Plant-Bean",12,5,10,7,0.4166666666666667,0.3333333333333333,0.6969346170852171,"Flower-closed,Flower-open,Plant-Bean",1.0,12,8,7,4,0.6666666666666666,0.5333333333333333,0.7957657024313787,"Flower-closed,Flower-dry,Flower-open,Plant-Bean",0.6627746348579725
flowers,391,FL-B-v2_CHAL_0056_jpg.rf.f47873132c5faf22849c4ea58130b25b.jpg,768,1024,12,"Flower-closed,Flower-dry,Flower-open,Plant-Bean",11,3,9,8,0.2727272727272727,0.25,0.7649569374597749,"Flower-closed,Flower-open",1.0,7,6,6,1,0.8571428571428571,0.5,0.8004439799200392,"Flower-closed,Flower-dry,Flower-open,Plant-Bean",0.722848287650517
flowers,417,FL-B-v2_REP_0089_jpg.rf.9333f892ad10704048fdd84552e227dd.jpg,3060,4080,16,"Flower-closed,Flower-open,Plant-Bean",15,5,11,10,0.3333333333333333,0.3125,0.7550633833540872,"Flower-closed,Flower-open,Plant-Bean",1.0,12,10,6,2,0.8333333333333334,0.625,0.8262561364851415,"Flower-closed,Plant-Bean",0.7109335884451866
